ID,Year,113 Cause Name,Cause Name,State,Deaths,Age-adjusted Death Rate
9501,2011,"Accidents (unintentional injuries) (V01-X59,Y85-Y86)",Unintentional injuries,Colorado,2330,46.5
9502,2010,"Accidents (unintentional injuries) (V01-X59,Y85-Y86)",Unintentional injuries,Colorado,2106,43.5
9503,2009,"Accidents (unintentional injuries) (V01-X59,Y85-Y86)",Unintentional injuries,Colorado,2144,44.5
9504,2008,"Accidents (unintentional injuries) (V01-X59,Y85-Y86)",Unintentional injuries,Colorado,2172,46.3
9505,2007,"Accidents (unintentional injuries) (V01-X59,Y85-Y86)",Unintentional injuries,Colorado,2056,44.8
9506,2006,"Accidents (unintentional injuries) (V01-X59,Y85-Y86)",Unintentional injuries,Colorado,1917,42.5
9507,2005,"Accidents (unintentional injuries) (V01-X59,Y85-Y86)",Unintentional injuries,Colorado,1947,44.1
9508,2004,"Accidents (unintentional injuries) (V01-X59,Y85-Y86)",Unintentional injuries,Colorado,1810,42.1
9509,2003,"Accidents (unintentional injuries) (V01-X59,Y85-Y86)",Unintentional injuries,Colorado,1806,42.4
9510,2002,"Accidents (unintentional injuries) (V01-X59,Y85-Y86)",Unintentional injuries,Colorado,1812,43.1
9511,2001,"Accidents (unintentional injuries) (V01-X59,Y85-Y86)",Unintentional injuries,Colorado,1720,41.6
9512,2000,"Accidents (unintentional injuries) (V01-X59,Y85-Y86)",Unintentional injuries,Colorado,1702,42.6
9513,1999,"Accidents (unintentional injuries) (V01-X59,Y85-Y86)",Unintentional injuries,Colorado,1519,39
9514,2015,"Accidents (unintentional injuries) (V01-X59,Y85-Y86)",Unintentional injuries,Connecticut,1799,44.8
9515,2014,"Accidents (unintentional injuries) (V01-X59,Y85-Y86)",Unintentional injuries,Connecticut,1641,40.9
9516,2013,"Accidents (unintentional injuries) (V01-X59,Y85-Y86)",Unintentional injuries,Connecticut,1582,39.3
9517,2012,"Accidents (unintentional injuries) (V01-X59,Y85-Y86)",Unintentional injuries,Connecticut,1392,34.7
9518,2011,"Accidents (unintentional injuries) (V01-X59,Y85-Y86)",Unintentional injuries,Connecticut,1339,33.3
9519,2010,"Accidents (unintentional injuries) (V01-X59,Y85-Y86)",Unintentional injuries,Connecticut,1337,33.6
9520,2009,"Accidents (unintentional injuries) (V01-X59,Y85-Y86)",Unintentional injuries,Connecticut,1293,33
9521,2008,"Accidents (unintentional injuries) (V01-X59,Y85-Y86)",Unintentional injuries,Connecticut,1386,35.7
9522,2007,"Accidents (unintentional injuries) (V01-X59,Y85-Y86)",Unintentional injuries,Connecticut,1343,35.4
9523,2006,"Accidents (unintentional injuries) (V01-X59,Y85-Y86)",Unintentional injuries,Connecticut,1302,34.6
9524,2005,"Accidents (unintentional injuries) (V01-X59,Y85-Y86)",Unintentional injuries,Connecticut,1134,30.3
9525,2004,"Accidents (unintentional injuries) (V01-X59,Y85-Y86)",Unintentional injuries,Connecticut,1261,34
9526,2003,"Accidents (unintentional injuries) (V01-X59,Y85-Y86)",Unintentional injuries,Connecticut,1112,30.2
9527,2002,"Accidents (unintentional injuries) (V01-X59,Y85-Y86)",Unintentional injuries,Connecticut,1182,32.5
9528,2001,"Accidents (unintentional injuries) (V01-X59,Y85-Y86)",Unintentional injuries,Connecticut,1056,29.5
9529,2000,"Accidents (unintentional injuries) (V01-X59,Y85-Y86)",Unintentional injuries,Connecticut,1175,32.8
9530,1999,"Accidents (unintentional injuries) (V01-X59,Y85-Y86)",Unintentional injuries,Connecticut,1034,29.3
9531,2015,"Accidents (unintentional injuries) (V01-X59,Y85-Y86)",Unintentional injuries,Delaware,449,46
9532,2014,"Accidents (unintentional injuries) (V01-X59,Y85-Y86)",Unintentional injuries,Delaware,425,43.7
9533,2013,"Accidents (unintentional injuries) (V01-X59,Y85-Y86)",Unintentional injuries,Delaware,412,42.9
9534,2012,"Accidents (unintentional injuries) (V01-X59,Y85-Y86)",Unintentional injuries,Delaware,374,38.8
9535,2011,"Accidents (unintentional injuries) (V01-X59,Y85-Y86)",Unintentional injuries,Delaware,338,36.4
9536,2010,"Accidents (unintentional injuries) (V01-X59,Y85-Y86)",Unintentional injuries,Delaware,357,39.2
9537,2009,"Accidents (unintentional injuries) (V01-X59,Y85-Y86)",Unintentional injuries,Delaware,333,36.8
9538,2008,"Accidents (unintentional injuries) (V01-X59,Y85-Y86)",Unintentional injuries,Delaware,352,39.6
9539,2007,"Accidents (unintentional injuries) (V01-X59,Y85-Y86)",Unintentional injuries,Delaware,309,34.8
9540,2006,"Accidents (unintentional injuries) (V01-X59,Y85-Y86)",Unintentional injuries,Delaware,329,38
9541,2005,"Accidents (unintentional injuries) (V01-X59,Y85-Y86)",Unintentional injuries,Delaware,293,34.5
9542,2004,"Accidents (unintentional injuries) (V01-X59,Y85-Y86)",Unintentional injuries,Delaware,294,35.4
9543,2003,"Accidents (unintentional injuries) (V01-X59,Y85-Y86)",Unintentional injuries,Delaware,287,34.9
9544,2002,"Accidents (unintentional injuries) (V01-X59,Y85-Y86)",Unintentional injuries,Delaware,292,36.4
9545,2001,"Accidents (unintentional injuries) (V01-X59,Y85-Y86)",Unintentional injuries,Delaware,290,36.6
9546,2000,"Accidents (unintentional injuries) (V01-X59,Y85-Y86)",Unintentional injuries,Delaware,290,37.5
9547,1999,"Accidents (unintentional injuries) (V01-X59,Y85-Y86)",Unintentional injuries,Delaware,267,35.3
9548,2015,"Accidents (unintentional injuries) (V01-X59,Y85-Y86)",Unintentional injuries,District of Columbia,265,40.2
9549,2014,"Accidents (unintentional injuries) (V01-X59,Y85-Y86)",Unintentional injuries,District of Columbia,217,33.1
9550,2013,"Accidents (unintentional injuries) (V01-X59,Y85-Y86)",Unintentional injuries,District of Columbia,216,33.6
9551,2012,"Accidents (unintentional injuries) (V01-X59,Y85-Y86)",Unintentional injuries,District of Columbia,194,31.3
9552,2011,"Accidents (unintentional injuries) (V01-X59,Y85-Y86)",Unintentional injuries,District of Columbia,185,29.4
9553,2010,"Accidents (unintentional injuries) (V01-X59,Y85-Y86)",Unintentional injuries,District of Columbia,212,35.1
9554,2009,"Accidents (unintentional injuries) (V01-X59,Y85-Y86)",Unintentional injuries,District of Columbia,145,24.6
9555,2008,"Accidents (unintentional injuries) (V01-X59,Y85-Y86)",Unintentional injuries,District of Columbia,160,27.2
9556,2007,"Accidents (unintentional injuries) (V01-X59,Y85-Y86)",Unintentional injuries,District of Columbia,193,33.7
9557,2006,"Accidents (unintentional injuries) (V01-X59,Y85-Y86)",Unintentional injuries,District of Columbia,224,39.4
9558,2005,"Accidents (unintentional injuries) (V01-X59,Y85-Y86)",Unintentional injuries,District of Columbia,207,35.8
9559,2004,"Accidents (unintentional injuries) (V01-X59,Y85-Y86)",Unintentional injuries,District of Columbia,219,38.4
9560,2003,"Accidents (unintentional injuries) (V01-X59,Y85-Y86)",Unintentional injuries,District of Columbia,233,40.8
9561,2002,"Accidents (unintentional injuries) (V01-X59,Y85-Y86)",Unintentional injuries,District of Columbia,200,34.6
9562,2001,"Accidents (unintentional injuries) (V01-X59,Y85-Y86)",Unintentional injuries,District of Columbia,223,38.4
9563,2000,"Accidents (unintentional injuries) (V01-X59,Y85-Y86)",Unintentional injuries,District of Columbia,204,35.7
9564,1999,"Accidents (unintentional injuries) (V01-X59,Y85-Y86)",Unintentional injuries,District of Columbia,161,28.4
9565,2015,"Accidents (unintentional injuries) (V01-X59,Y85-Y86)",Unintentional injuries,Florida,10578,46.2
9566,2014,"Accidents (unintentional injuries) (V01-X59,Y85-Y86)",Unintentional injuries,Florida,9432,41.4
9567,2013,"Accidents (unintentional injuries) (V01-X59,Y85-Y86)",Unintentional injuries,Florida,8736,39.1
9568,2012,"Accidents (unintentional injuries) (V01-X59,Y85-Y86)",Unintentional injuries,Florida,8770,39.9
9569,2011,"Accidents (unintentional injuries) (V01-X59,Y85-Y86)",Unintentional injuries,Florida,8901,42
9570,2010,"Accidents (unintentional injuries) (V01-X59,Y85-Y86)",Unintentional injuries,Florida,8875,43.1
9571,2009,"Accidents (unintentional injuries) (V01-X59,Y85-Y86)",Unintentional injuries,Florida,8746,43.4
9572,2008,"Accidents (unintentional injuries) (V01-X59,Y85-Y86)",Unintentional injuries,Florida,8939,45.3
9573,2007,"Accidents (unintentional injuries) (V01-X59,Y85-Y86)",Unintentional injuries,Florida,9113,46.9
9574,2006,"Accidents (unintentional injuries) (V01-X59,Y85-Y86)",Unintentional injuries,Florida,8917,46.5
9575,2005,"Accidents (unintentional injuries) (V01-X59,Y85-Y86)",Unintentional injuries,Florida,8868,47.1
9576,2004,"Accidents (unintentional injuries) (V01-X59,Y85-Y86)",Unintentional injuries,Florida,8229,44.7
9577,2003,"Accidents (unintentional injuries) (V01-X59,Y85-Y86)",Unintentional injuries,Florida,7919,44.2
9578,2002,"Accidents (unintentional injuries) (V01-X59,Y85-Y86)",Unintentional injuries,Florida,7396,42
9579,2001,"Accidents (unintentional injuries) (V01-X59,Y85-Y86)",Unintentional injuries,Florida,6969,40.5
9580,2000,"Accidents (unintentional injuries) (V01-X59,Y85-Y86)",Unintentional injuries,Florida,6267,37.3
9581,1999,"Accidents (unintentional injuries) (V01-X59,Y85-Y86)",Unintentional injuries,Florida,5961,35.7
9582,2015,"Accidents (unintentional injuries) (V01-X59,Y85-Y86)",Unintentional injuries,Georgia,4344,43.2
9583,2014,"Accidents (unintentional injuries) (V01-X59,Y85-Y86)",Unintentional injuries,Georgia,3963,40.1
9584,2013,"Accidents (unintentional injuries) (V01-X59,Y85-Y86)",Unintentional injuries,Georgia,3727,38.3
9585,2012,"Accidents (unintentional injuries) (V01-X59,Y85-Y86)",Unintentional injuries,Georgia,3731,39
9586,2011,"Accidents (unintentional injuries) (V01-X59,Y85-Y86)",Unintentional injuries,Georgia,3785,40.2
9587,2010,"Accidents (unintentional injuries) (V01-X59,Y85-Y86)",Unintentional injuries,Georgia,3745,40.7
9588,2009,"Accidents (unintentional injuries) (V01-X59,Y85-Y86)",Unintentional injuries,Georgia,3812,42.1
9589,2008,"Accidents (unintentional injuries) (V01-X59,Y85-Y86)",Unintentional injuries,Georgia,3774,42
9590,2007,"Accidents (unintentional injuries) (V01-X59,Y85-Y86)",Unintentional injuries,Georgia,4012,45.4
9591,2006,"Accidents (unintentional injuries) (V01-X59,Y85-Y86)",Unintentional injuries,Georgia,3879,45.1
9592,2005,"Accidents (unintentional injuries) (V01-X59,Y85-Y86)",Unintentional injuries,Georgia,3762,45
9593,2004,"Accidents (unintentional injuries) (V01-X59,Y85-Y86)",Unintentional injuries,Georgia,3667,45
9594,2003,"Accidents (unintentional injuries) (V01-X59,Y85-Y86)",Unintentional injuries,Georgia,3528,44.2
9595,2002,"Accidents (unintentional injuries) (V01-X59,Y85-Y86)",Unintentional injuries,Georgia,3333,42.3
9596,2001,"Accidents (unintentional injuries) (V01-X59,Y85-Y86)",Unintentional injuries,Georgia,3396,43.8
9597,2000,"Accidents (unintentional injuries) (V01-X59,Y85-Y86)",Unintentional injuries,Georgia,3103,40.8
9598,1999,"Accidents (unintentional injuries) (V01-X59,Y85-Y86)",Unintentional injuries,Georgia,3078,41.5
9599,2015,"Accidents (unintentional injuries) (V01-X59,Y85-Y86)",Unintentional injuries,Hawaii,536,32.2
9600,2014,"Accidents (unintentional injuries) (V01-X59,Y85-Y86)",Unintentional injuries,Hawaii,476,30.1
9601,2013,"Accidents (unintentional injuries) (V01-X59,Y85-Y86)",Unintentional injuries,Hawaii,467,30.1
9602,2012,"Accidents (unintentional injuries) (V01-X59,Y85-Y86)",Unintentional injuries,Hawaii,458,30.1
9603,2011,"Accidents (unintentional injuries) (V01-X59,Y85-Y86)",Unintentional injuries,Hawaii,517,34.4
9604,2010,"Accidents (unintentional injuries) (V01-X59,Y85-Y86)",Unintentional injuries,Hawaii,432,29.6
9605,2009,"Accidents (unintentional injuries) (V01-X59,Y85-Y86)",Unintentional injuries,Hawaii,436,30.2
9606,2008,"Accidents (unintentional injuries) (V01-X59,Y85-Y86)",Unintentional injuries,Hawaii,406,28.2
9607,2007,"Accidents (unintentional injuries) (V01-X59,Y85-Y86)",Unintentional injuries,Hawaii,470,33.4
9608,2006,"Accidents (unintentional injuries) (V01-X59,Y85-Y86)",Unintentional injuries,Hawaii,441,31.7
9609,2005,"Accidents (unintentional injuries) (V01-X59,Y85-Y86)",Unintentional injuries,Hawaii,436,32
9610,2004,"Accidents (unintentional injuries) (V01-X59,Y85-Y86)",Unintentional injuries,Hawaii,390,29.6
9611,2003,"Accidents (unintentional injuries) (V01-X59,Y85-Y86)",Unintentional injuries,Hawaii,415,31.9
9612,2002,"Accidents (unintentional injuries) (V01-X59,Y85-Y86)",Unintentional injuries,Hawaii,393,30.9
9613,2001,"Accidents (unintentional injuries) (V01-X59,Y85-Y86)",Unintentional injuries,Hawaii,372,29.8
9614,2000,"Accidents (unintentional injuries) (V01-X59,Y85-Y86)",Unintentional injuries,Hawaii,343,28.2
9615,1999,"Accidents (unintentional injuries) (V01-X59,Y85-Y86)",Unintentional injuries,Hawaii,293,24.3
9616,2015,"Accidents (unintentional injuries) (V01-X59,Y85-Y86)",Unintentional injuries,Idaho,746,44.7
9617,2014,"Accidents (unintentional injuries) (V01-X59,Y85-Y86)",Unintentional injuries,Idaho,765,46.5
9618,2013,"Accidents (unintentional injuries) (V01-X59,Y85-Y86)",Unintentional injuries,Idaho,776,47.7
9619,2012,"Accidents (unintentional injuries) (V01-X59,Y85-Y86)",Unintentional injuries,Idaho,699,43.7
9620,2011,"Accidents (unintentional injuries) (V01-X59,Y85-Y86)",Unintentional injuries,Idaho,710,44.7
9621,2010,"Accidents (unintentional injuries) (V01-X59,Y85-Y86)",Unintentional injuries,Idaho,654,42.1
9622,2009,"Accidents (unintentional injuries) (V01-X59,Y85-Y86)",Unintentional injuries,Idaho,670,44
9623,2008,"Accidents (unintentional injuries) (V01-X59,Y85-Y86)",Unintentional injuries,Idaho,649,43.2
9624,2007,"Accidents (unintentional injuries) (V01-X59,Y85-Y86)",Unintentional injuries,Idaho,641,43.4
9625,2006,"Accidents (unintentional injuries) (V01-X59,Y85-Y86)",Unintentional injuries,Idaho,682,47.5
9626,2005,"Accidents (unintentional injuries) (V01-X59,Y85-Y86)",Unintentional injuries,Idaho,606,43.7
9627,2004,"Accidents (unintentional injuries) (V01-X59,Y85-Y86)",Unintentional injuries,Idaho,593,43.6
9628,2003,"Accidents (unintentional injuries) (V01-X59,Y85-Y86)",Unintentional injuries,Idaho,605,45.6
9629,2002,"Accidents (unintentional injuries) (V01-X59,Y85-Y86)",Unintentional injuries,Idaho,611,47.1
9630,2001,"Accidents (unintentional injuries) (V01-X59,Y85-Y86)",Unintentional injuries,Idaho,568,44.2
9631,2000,"Accidents (unintentional injuries) (V01-X59,Y85-Y86)",Unintentional injuries,Idaho,518,41.5
9632,1999,"Accidents (unintentional injuries) (V01-X59,Y85-Y86)",Unintentional injuries,Idaho,597,48.3
9633,2015,"Accidents (unintentional injuries) (V01-X59,Y85-Y86)",Unintentional injuries,Illinois,4850,35.8
9634,2014,"Accidents (unintentional injuries) (V01-X59,Y85-Y86)",Unintentional injuries,Illinois,4644,34.4
9635,2013,"Accidents (unintentional injuries) (V01-X59,Y85-Y86)",Unintentional injuries,Illinois,4511,33.6
9636,2012,"Accidents (unintentional injuries) (V01-X59,Y85-Y86)",Unintentional injuries,Illinois,4488,33.6
9637,2011,"Accidents (unintentional injuries) (V01-X59,Y85-Y86)",Unintentional injuries,Illinois,4166,31.6
9638,2010,"Accidents (unintentional injuries) (V01-X59,Y85-Y86)",Unintentional injuries,Illinois,3997,30.4
9639,2009,"Accidents (unintentional injuries) (V01-X59,Y85-Y86)",Unintentional injuries,Illinois,3961,30.4
9640,2008,"Accidents (unintentional injuries) (V01-X59,Y85-Y86)",Unintentional injuries,Illinois,4218,32.6
9641,2007,"Accidents (unintentional injuries) (V01-X59,Y85-Y86)",Unintentional injuries,Illinois,4367,33.9
9642,2006,"Accidents (unintentional injuries) (V01-X59,Y85-Y86)",Unintentional injuries,Illinois,4451,34.9
9643,2005,"Accidents (unintentional injuries) (V01-X59,Y85-Y86)",Unintentional injuries,Illinois,4182,33
9644,2004,"Accidents (unintentional injuries) (V01-X59,Y85-Y86)",Unintentional injuries,Illinois,4133,32.8
9645,2003,"Accidents (unintentional injuries) (V01-X59,Y85-Y86)",Unintentional injuries,Illinois,3942,31.5
9646,2002,"Accidents (unintentional injuries) (V01-X59,Y85-Y86)",Unintentional injuries,Illinois,4222,33.8
9647,2001,"Accidents (unintentional injuries) (V01-X59,Y85-Y86)",Unintentional injuries,Illinois,4077,32.8
9648,2000,"Accidents (unintentional injuries) (V01-X59,Y85-Y86)",Unintentional injuries,Illinois,4041,32.8
9649,1999,"Accidents (unintentional injuries) (V01-X59,Y85-Y86)",Unintentional injuries,Illinois,4125,33.7
9650,2015,"Accidents (unintentional injuries) (V01-X59,Y85-Y86)",Unintentional injuries,Indiana,3258,47.7
9651,2014,"Accidents (unintentional injuries) (V01-X59,Y85-Y86)",Unintentional injuries,Indiana,2974,43.9
9652,2013,"Accidents (unintentional injuries) (V01-X59,Y85-Y86)",Unintentional injuries,Indiana,2898,43.1
9653,2012,"Accidents (unintentional injuries) (V01-X59,Y85-Y86)",Unintentional injuries,Indiana,2776,41.4
9654,2011,"Accidents (unintentional injuries) (V01-X59,Y85-Y86)",Unintentional injuries,Indiana,2699,40.6
9655,2010,"Accidents (unintentional injuries) (V01-X59,Y85-Y86)",Unintentional injuries,Indiana,2534,38.5
9656,2009,"Accidents (unintentional injuries) (V01-X59,Y85-Y86)",Unintentional injuries,Indiana,2577,39.3
9657,2008,"Accidents (unintentional injuries) (V01-X59,Y85-Y86)",Unintentional injuries,Indiana,2558,39.5
9658,2007,"Accidents (unintentional injuries) (V01-X59,Y85-Y86)",Unintentional injuries,Indiana,2499,38.8
9659,2006,"Accidents (unintentional injuries) (V01-X59,Y85-Y86)",Unintentional injuries,Indiana,2480,38.9
9660,2005,"Accidents (unintentional injuries) (V01-X59,Y85-Y86)",Unintentional injuries,Indiana,2480,39.3
9661,2004,"Accidents (unintentional injuries) (V01-X59,Y85-Y86)",Unintentional injuries,Indiana,2395,38.4
9662,2003,"Accidents (unintentional injuries) (V01-X59,Y85-Y86)",Unintentional injuries,Indiana,2196,35.4
9663,2002,"Accidents (unintentional injuries) (V01-X59,Y85-Y86)",Unintentional injuries,Indiana,2148,34.9
9664,2001,"Accidents (unintentional injuries) (V01-X59,Y85-Y86)",Unintentional injuries,Indiana,2185,35.8
9665,2000,"Accidents (unintentional injuries) (V01-X59,Y85-Y86)",Unintentional injuries,Indiana,2139,35.4
9666,1999,"Accidents (unintentional injuries) (V01-X59,Y85-Y86)",Unintentional injuries,Indiana,2309,38.4
9667,2015,"Accidents (unintentional injuries) (V01-X59,Y85-Y86)",Unintentional injuries,Iowa,1537,42.1
9668,2014,"Accidents (unintentional injuries) (V01-X59,Y85-Y86)",Unintentional injuries,Iowa,1517,42.1
9669,2013,"Accidents (unintentional injuries) (V01-X59,Y85-Y86)",Unintentional injuries,Iowa,1422,40
9670,2012,"Accidents (unintentional injuries) (V01-X59,Y85-Y86)",Unintentional injuries,Iowa,1369,39.7
9671,2011,"Accidents (unintentional injuries) (V01-X59,Y85-Y86)",Unintentional injuries,Iowa,1369,39.6
9672,2010,"Accidents (unintentional injuries) (V01-X59,Y85-Y86)",Unintentional injuries,Iowa,1273,37.2
9673,2009,"Accidents (unintentional injuries) (V01-X59,Y85-Y86)",Unintentional injuries,Iowa,1255,37
9674,2008,"Accidents (unintentional injuries) (V01-X59,Y85-Y86)",Unintentional injuries,Iowa,1266,37.8
9675,2007,"Accidents (unintentional injuries) (V01-X59,Y85-Y86)",Unintentional injuries,Iowa,1252,37.5
9676,2006,"Accidents (unintentional injuries) (V01-X59,Y85-Y86)",Unintentional injuries,Iowa,1188,35.7
9677,2005,"Accidents (unintentional injuries) (V01-X59,Y85-Y86)",Unintentional injuries,Iowa,1202,36.7
9678,2004,"Accidents (unintentional injuries) (V01-X59,Y85-Y86)",Unintentional injuries,Iowa,1108,33.4
9679,2003,"Accidents (unintentional injuries) (V01-X59,Y85-Y86)",Unintentional injuries,Iowa,1164,35.4
9680,2002,"Accidents (unintentional injuries) (V01-X59,Y85-Y86)",Unintentional injuries,Iowa,1093,33.6
9681,2001,"Accidents (unintentional injuries) (V01-X59,Y85-Y86)",Unintentional injuries,Iowa,1051,32.5
9682,2000,"Accidents (unintentional injuries) (V01-X59,Y85-Y86)",Unintentional injuries,Iowa,1070,33.4
9683,1999,"Accidents (unintentional injuries) (V01-X59,Y85-Y86)",Unintentional injuries,Iowa,1123,35.2
9684,2015,"Accidents (unintentional injuries) (V01-X59,Y85-Y86)",Unintentional injuries,Kansas,1475,47.2
9685,2014,"Accidents (unintentional injuries) (V01-X59,Y85-Y86)",Unintentional injuries,Kansas,1377,44.1
9686,2013,"Accidents (unintentional injuries) (V01-X59,Y85-Y86)",Unintentional injuries,Kansas,1359,44.4
9687,2012,"Accidents (unintentional injuries) (V01-X59,Y85-Y86)",Unintentional injuries,Kansas,1319,43.6
9688,2011,"Accidents (unintentional injuries) (V01-X59,Y85-Y86)",Unintentional injuries,Kansas,1333,43.8
9689,2010,"Accidents (unintentional injuries) (V01-X59,Y85-Y86)",Unintentional injuries,Kansas,1317,44
9690,2009,"Accidents (unintentional injuries) (V01-X59,Y85-Y86)",Unintentional injuries,Kansas,1273,42.9
9691,2008,"Accidents (unintentional injuries) (V01-X59,Y85-Y86)",Unintentional injuries,Kansas,1174,40
9692,2007,"Accidents (unintentional injuries) (V01-X59,Y85-Y86)",Unintentional injuries,Kansas,1205,41.4
9693,2006,"Accidents (unintentional injuries) (V01-X59,Y85-Y86)",Unintentional injuries,Kansas,1198,41.7
9694,2005,"Accidents (unintentional injuries) (V01-X59,Y85-Y86)",Unintentional injuries,Kansas,1149,40.6
9695,2004,"Accidents (unintentional injuries) (V01-X59,Y85-Y86)",Unintentional injuries,Kansas,1144,40.6
9696,2003,"Accidents (unintentional injuries) (V01-X59,Y85-Y86)",Unintentional injuries,Kansas,1089,38.6
9697,2002,"Accidents (unintentional injuries) (V01-X59,Y85-Y86)",Unintentional injuries,Kansas,1139,40.8
9698,2001,"Accidents (unintentional injuries) (V01-X59,Y85-Y86)",Unintentional injuries,Kansas,1156,41.4
9699,2000,"Accidents (unintentional injuries) (V01-X59,Y85-Y86)",Unintentional injuries,Kansas,1054,38
9700,1999,"Accidents (unintentional injuries) (V01-X59,Y85-Y86)",Unintentional injuries,Kansas,1126,40.7
9701,2015,"Accidents (unintentional injuries) (V01-X59,Y85-Y86)",Unintentional injuries,Kentucky,2962,66
9702,2014,"Accidents (unintentional injuries) (V01-X59,Y85-Y86)",Unintentional injuries,Kentucky,2621,58.3
9703,2013,"Accidents (unintentional injuries) (V01-X59,Y85-Y86)",Unintentional injuries,Kentucky,2513,55.7
9704,2012,"Accidents (unintentional injuries) (V01-X59,Y85-Y86)",Unintentional injuries,Kentucky,2741,62
9705,2011,"Accidents (unintentional injuries) (V01-X59,Y85-Y86)",Unintentional injuries,Kentucky,2608,59.5
9706,2010,"Accidents (unintentional injuries) (V01-X59,Y85-Y86)",Unintentional injuries,Kentucky,2632,60.5
9707,2009,"Accidents (unintentional injuries) (V01-X59,Y85-Y86)",Unintentional injuries,Kentucky,2394,55.1
9708,2008,"Accidents (unintentional injuries) (V01-X59,Y85-Y86)",Unintentional injuries,Kentucky,2379,55.2
9709,2007,"Accidents (unintentional injuries) (V01-X59,Y85-Y86)",Unintentional injuries,Kentucky,2372,55.6
9710,2006,"Accidents (unintentional injuries) (V01-X59,Y85-Y86)",Unintentional injuries,Kentucky,2446,57.9
9711,2005,"Accidents (unintentional injuries) (V01-X59,Y85-Y86)",Unintentional injuries,Kentucky,2405,57.4
9712,2004,"Accidents (unintentional injuries) (V01-X59,Y85-Y86)",Unintentional injuries,Kentucky,2260,54.8
9713,2003,"Accidents (unintentional injuries) (V01-X59,Y85-Y86)",Unintentional injuries,Kentucky,2270,55.2
9714,2002,"Accidents (unintentional injuries) (V01-X59,Y85-Y86)",Unintentional injuries,Kentucky,2090,51.3
9715,2001,"Accidents (unintentional injuries) (V01-X59,Y85-Y86)",Unintentional injuries,Kentucky,1990,49.1
9716,2000,"Accidents (unintentional injuries) (V01-X59,Y85-Y86)",Unintentional injuries,Kentucky,1838,45.7
9717,1999,"Accidents (unintentional injuries) (V01-X59,Y85-Y86)",Unintentional injuries,Kentucky,1730,43.3
9718,2015,"Accidents (unintentional injuries) (V01-X59,Y85-Y86)",Unintentional injuries,Louisiana,2578,54.7
9719,2014,"Accidents (unintentional injuries) (V01-X59,Y85-Y86)",Unintentional injuries,Louisiana,2344,49.8
9720,2013,"Accidents (unintentional injuries) (V01-X59,Y85-Y86)",Unintentional injuries,Louisiana,2333,50.5
9721,2012,"Accidents (unintentional injuries) (V01-X59,Y85-Y86)",Unintentional injuries,Louisiana,2362,51.1
9722,2011,"Accidents (unintentional injuries) (V01-X59,Y85-Y86)",Unintentional injuries,Louisiana,2091,45.8
9723,2010,"Accidents (unintentional injuries) (V01-X59,Y85-Y86)",Unintentional injuries,Louisiana,1999,44.4
9724,2009,"Accidents (unintentional injuries) (V01-X59,Y85-Y86)",Unintentional injuries,Louisiana,2142,48
9725,2008,"Accidents (unintentional injuries) (V01-X59,Y85-Y86)",Unintentional injuries,Louisiana,2409,54.9
9726,2007,"Accidents (unintentional injuries) (V01-X59,Y85-Y86)",Unintentional injuries,Louisiana,2466,56.8
9727,2006,"Accidents (unintentional injuries) (V01-X59,Y85-Y86)",Unintentional injuries,Louisiana,2422,56.8
9728,2005,"Accidents (unintentional injuries) (V01-X59,Y85-Y86)",Unintentional injuries,Louisiana,3072,68.5
9729,2004,"Accidents (unintentional injuries) (V01-X59,Y85-Y86)",Unintentional injuries,Louisiana,2300,51.4
9730,2003,"Accidents (unintentional injuries) (V01-X59,Y85-Y86)",Unintentional injuries,Louisiana,2208,49.8
9731,2002,"Accidents (unintentional injuries) (V01-X59,Y85-Y86)",Unintentional injuries,Louisiana,2115,48.1
9732,2001,"Accidents (unintentional injuries) (V01-X59,Y85-Y86)",Unintentional injuries,Louisiana,2029,46.5
9733,2000,"Accidents (unintentional injuries) (V01-X59,Y85-Y86)",Unintentional injuries,Louisiana,2006,45.9
9734,1999,"Accidents (unintentional injuries) (V01-X59,Y85-Y86)",Unintentional injuries,Louisiana,1940,44.7
9735,2015,"Accidents (unintentional injuries) (V01-X59,Y85-Y86)",Unintentional injuries,Maine,802,53.8
9736,2014,"Accidents (unintentional injuries) (V01-X59,Y85-Y86)",Unintentional injuries,Maine,690,45.8
9737,2013,"Accidents (unintentional injuries) (V01-X59,Y85-Y86)",Unintentional injuries,Maine,644,42.6
9738,2012,"Accidents (unintentional injuries) (V01-X59,Y85-Y86)",Unintentional injuries,Maine,602,40.4
9739,2011,"Accidents (unintentional injuries) (V01-X59,Y85-Y86)",Unintentional injuries,Maine,574,38.3
9740,2010,"Accidents (unintentional injuries) (V01-X59,Y85-Y86)",Unintentional injuries,Maine,540,36.6
9741,2009,"Accidents (unintentional injuries) (V01-X59,Y85-Y86)",Unintentional injuries,Maine,602,40.9
9742,2008,"Accidents (unintentional injuries) (V01-X59,Y85-Y86)",Unintentional injuries,Maine,628,43.4
9743,2007,"Accidents (unintentional injuries) (V01-X59,Y85-Y86)",Unintentional injuries,Maine,584,41.6
9744,2006,"Accidents (unintentional injuries) (V01-X59,Y85-Y86)",Unintentional injuries,Maine,572,40.8
9745,2005,"Accidents (unintentional injuries) (V01-X59,Y85-Y86)",Unintentional injuries,Maine,579,41.7
9746,2004,"Accidents (unintentional injuries) (V01-X59,Y85-Y86)",Unintentional injuries,Maine,480,35.5
9747,2003,"Accidents (unintentional injuries) (V01-X59,Y85-Y86)",Unintentional injuries,Maine,516,38
9748,2002,"Accidents (unintentional injuries) (V01-X59,Y85-Y86)",Unintentional injuries,Maine,511,38.1
9749,2001,"Accidents (unintentional injuries) (V01-X59,Y85-Y86)",Unintentional injuries,Maine,490,36.3
9750,2000,"Accidents (unintentional injuries) (V01-X59,Y85-Y86)",Unintentional injuries,Maine,407,30.9
9751,1999,"Accidents (unintentional injuries) (V01-X59,Y85-Y86)",Unintentional injuries,Maine,458,34.9
9752,2015,"Accidents (unintentional injuries) (V01-X59,Y85-Y86)",Unintentional injuries,Maryland,1903,29.7
9753,2014,"Accidents (unintentional injuries) (V01-X59,Y85-Y86)",Unintentional injuries,Maryland,1674,26.6
9754,2013,"Accidents (unintentional injuries) (V01-X59,Y85-Y86)",Unintentional injuries,Maryland,1732,27.9
9755,2012,"Accidents (unintentional injuries) (V01-X59,Y85-Y86)",Unintentional injuries,Maryland,1696,27.7
9756,2011,"Accidents (unintentional injuries) (V01-X59,Y85-Y86)",Unintentional injuries,Maryland,1569,26.1
9757,2010,"Accidents (unintentional injuries) (V01-X59,Y85-Y86)",Unintentional injuries,Maryland,1446,24.7
9758,2009,"Accidents (unintentional injuries) (V01-X59,Y85-Y86)",Unintentional injuries,Maryland,1415,24.3
9759,2008,"Accidents (unintentional injuries) (V01-X59,Y85-Y86)",Unintentional injuries,Maryland,1465,25.6
9760,2007,"Accidents (unintentional injuries) (V01-X59,Y85-Y86)",Unintentional injuries,Maryland,1480,26.2
9761,2006,"Accidents (unintentional injuries) (V01-X59,Y85-Y86)",Unintentional injuries,Maryland,1456,26.1
9762,2005,"Accidents (unintentional injuries) (V01-X59,Y85-Y86)",Unintentional injuries,Maryland,1376,25
9763,2004,"Accidents (unintentional injuries) (V01-X59,Y85-Y86)",Unintentional injuries,Maryland,1412,26
9764,2003,"Accidents (unintentional injuries) (V01-X59,Y85-Y86)",Unintentional injuries,Maryland,1432,26.7
9765,2002,"Accidents (unintentional injuries) (V01-X59,Y85-Y86)",Unintentional injuries,Maryland,1332,25.2
9766,2001,"Accidents (unintentional injuries) (V01-X59,Y85-Y86)",Unintentional injuries,Maryland,1339,25.8
9767,2000,"Accidents (unintentional injuries) (V01-X59,Y85-Y86)",Unintentional injuries,Maryland,1182,23.3
9768,1999,"Accidents (unintentional injuries) (V01-X59,Y85-Y86)",Unintentional injuries,Maryland,1296,25.9
9769,2015,"Accidents (unintentional injuries) (V01-X59,Y85-Y86)",Unintentional injuries,Massachusetts,3229,44
9770,2014,"Accidents (unintentional injuries) (V01-X59,Y85-Y86)",Unintentional injuries,Massachusetts,2668,36.6
9771,2013,"Accidents (unintentional injuries) (V01-X59,Y85-Y86)",Unintentional injuries,Massachusetts,2393,32.5
9772,2012,"Accidents (unintentional injuries) (V01-X59,Y85-Y86)",Unintentional injuries,Massachusetts,2195,29.8
9773,2011,"Accidents (unintentional injuries) (V01-X59,Y85-Y86)",Unintentional injuries,Massachusetts,2224,30.7
9774,2010,"Accidents (unintentional injuries) (V01-X59,Y85-Y86)",Unintentional injuries,Massachusetts,2060,28.5
9775,2009,"Accidents (unintentional injuries) (V01-X59,Y85-Y86)",Unintentional injuries,Massachusetts,2076,29.3
9776,2008,"Accidents (unintentional injuries) (V01-X59,Y85-Y86)",Unintentional injuries,Massachusetts,2040,29
9777,2007,"Accidents (unintentional injuries) (V01-X59,Y85-Y86)",Unintentional injuries,Massachusetts,2139,31
9778,2006,"Accidents (unintentional injuries) (V01-X59,Y85-Y86)",Unintentional injuries,Massachusetts,2214,32.3
9779,2005,"Accidents (unintentional injuries) (V01-X59,Y85-Y86)",Unintentional injuries,Massachusetts,1907,28
9780,2004,"Accidents (unintentional injuries) (V01-X59,Y85-Y86)",Unintentional injuries,Massachusetts,1366,19.9
9781,2003,"Accidents (unintentional injuries) (V01-X59,Y85-Y86)",Unintentional injuries,Massachusetts,1421,20.7
9782,2002,"Accidents (unintentional injuries) (V01-X59,Y85-Y86)",Unintentional injuries,Massachusetts,1413,20.7
9783,2001,"Accidents (unintentional injuries) (V01-X59,Y85-Y86)",Unintentional injuries,Massachusetts,1506,22.2
9784,2000,"Accidents (unintentional injuries) (V01-X59,Y85-Y86)",Unintentional injuries,Massachusetts,1357,20.2
9785,1999,"Accidents (unintentional injuries) (V01-X59,Y85-Y86)",Unintentional injuries,Massachusetts,1303,19.6
9786,2015,"Accidents (unintentional injuries) (V01-X59,Y85-Y86)",Unintentional injuries,Michigan,4647,43.9
9787,2014,"Accidents (unintentional injuries) (V01-X59,Y85-Y86)",Unintentional injuries,Michigan,4422,41.7
9788,2013,"Accidents (unintentional injuries) (V01-X59,Y85-Y86)",Unintentional injuries,Michigan,4225,40.1
9789,2012,"Accidents (unintentional injuries) (V01-X59,Y85-Y86)",Unintentional injuries,Michigan,3805,36.6
9790,2011,"Accidents (unintentional injuries) (V01-X59,Y85-Y86)",Unintentional injuries,Michigan,3951,38
9791,2010,"Accidents (unintentional injuries) (V01-X59,Y85-Y86)",Unintentional injuries,Michigan,3770,36.2
9792,2009,"Accidents (unintentional injuries) (V01-X59,Y85-Y86)",Unintentional injuries,Michigan,3682,35.8
9793,2008,"Accidents (unintentional injuries) (V01-X59,Y85-Y86)",Unintentional injuries,Michigan,3685,35.7
9794,2007,"Accidents (unintentional injuries) (V01-X59,Y85-Y86)",Unintentional injuries,Michigan,3764,36.5
9795,2006,"Accidents (unintentional injuries) (V01-X59,Y85-Y86)",Unintentional injuries,Michigan,3590,35.2
9796,2005,"Accidents (unintentional injuries) (V01-X59,Y85-Y86)",Unintentional injuries,Michigan,3451,34
9797,2004,"Accidents (unintentional injuries) (V01-X59,Y85-Y86)",Unintentional injuries,Michigan,3312,32.8
9798,2003,"Accidents (unintentional injuries) (V01-X59,Y85-Y86)",Unintentional injuries,Michigan,3324,33
9799,2002,"Accidents (unintentional injuries) (V01-X59,Y85-Y86)",Unintentional injuries,Michigan,3285,33
9800,2001,"Accidents (unintentional injuries) (V01-X59,Y85-Y86)",Unintentional injuries,Michigan,3291,33.3
9801,2000,"Accidents (unintentional injuries) (V01-X59,Y85-Y86)",Unintentional injuries,Michigan,3220,32.9
9802,1999,"Accidents (unintentional injuries) (V01-X59,Y85-Y86)",Unintentional injuries,Michigan,3188,32.8
9803,2015,"Accidents (unintentional injuries) (V01-X59,Y85-Y86)",Unintentional injuries,Minnesota,2574,42
9804,2014,"Accidents (unintentional injuries) (V01-X59,Y85-Y86)",Unintentional injuries,Minnesota,2385,39.4
9805,2013,"Accidents (unintentional injuries) (V01-X59,Y85-Y86)",Unintentional injuries,Minnesota,2405,40.1
9806,2012,"Accidents (unintentional injuries) (V01-X59,Y85-Y86)",Unintentional injuries,Minnesota,2301,39.1
9807,2011,"Accidents (unintentional injuries) (V01-X59,Y85-Y86)",Unintentional injuries,Minnesota,2319,39.9
9808,2010,"Accidents (unintentional injuries) (V01-X59,Y85-Y86)",Unintentional injuries,Minnesota,2103,36.7
9809,2009,"Accidents (unintentional injuries) (V01-X59,Y85-Y86)",Unintentional injuries,Minnesota,2037,36.2
9810,2008,"Accidents (unintentional injuries) (V01-X59,Y85-Y86)",Unintentional injuries,Minnesota,2010,36.2
9811,2007,"Accidents (unintentional injuries) (V01-X59,Y85-Y86)",Unintentional injuries,Minnesota,2066,37.5
9812,2006,"Accidents (unintentional injuries) (V01-X59,Y85-Y86)",Unintentional injuries,Minnesota,1919,35.4
9813,2005,"Accidents (unintentional injuries) (V01-X59,Y85-Y86)",Unintentional injuries,Minnesota,1922,36.2
9814,2004,"Accidents (unintentional injuries) (V01-X59,Y85-Y86)",Unintentional injuries,Minnesota,1867,35.5
9815,2003,"Accidents (unintentional injuries) (V01-X59,Y85-Y86)",Unintentional injuries,Minnesota,1912,36.7
9816,2002,"Accidents (unintentional injuries) (V01-X59,Y85-Y86)",Unintentional injuries,Minnesota,1928,37.6
9817,2001,"Accidents (unintentional injuries) (V01-X59,Y85-Y86)",Unintentional injuries,Minnesota,1797,35.4
9818,2000,"Accidents (unintentional injuries) (V01-X59,Y85-Y86)",Unintentional injuries,Minnesota,1711,34.3
9819,1999,"Accidents (unintentional injuries) (V01-X59,Y85-Y86)",Unintentional injuries,Minnesota,1772,35.8
9820,2015,"Accidents (unintentional injuries) (V01-X59,Y85-Y86)",Unintentional injuries,Mississippi,1814,59.8
9821,2014,"Accidents (unintentional injuries) (V01-X59,Y85-Y86)",Unintentional injuries,Mississippi,1712,56.2
9822,2013,"Accidents (unintentional injuries) (V01-X59,Y85-Y86)",Unintentional injuries,Mississippi,1692,55.6
9823,2012,"Accidents (unintentional injuries) (V01-X59,Y85-Y86)",Unintentional injuries,Mississippi,1627,54.5
9824,2011,"Accidents (unintentional injuries) (V01-X59,Y85-Y86)",Unintentional injuries,Mississippi,1724,57.9
9825,2010,"Accidents (unintentional injuries) (V01-X59,Y85-Y86)",Unintentional injuries,Mississippi,1685,56.8
9826,2009,"Accidents (unintentional injuries) (V01-X59,Y85-Y86)",Unintentional injuries,Mississippi,1658,56.4
9827,2008,"Accidents (unintentional injuries) (V01-X59,Y85-Y86)",Unintentional injuries,Mississippi,1693,57.8
9828,2007,"Accidents (unintentional injuries) (V01-X59,Y85-Y86)",Unintentional injuries,Mississippi,1808,62.2
9829,2006,"Accidents (unintentional injuries) (V01-X59,Y85-Y86)",Unintentional injuries,Mississippi,1856,64.7
9830,2005,"Accidents (unintentional injuries) (V01-X59,Y85-Y86)",Unintentional injuries,Mississippi,1936,67.1
9831,2004,"Accidents (unintentional injuries) (V01-X59,Y85-Y86)",Unintentional injuries,Mississippi,1703,59.9
9832,2003,"Accidents (unintentional injuries) (V01-X59,Y85-Y86)",Unintentional injuries,Mississippi,1656,58.8
9833,2002,"Accidents (unintentional injuries) (V01-X59,Y85-Y86)",Unintentional injuries,Mississippi,1642,58.5
9834,2001,"Accidents (unintentional injuries) (V01-X59,Y85-Y86)",Unintentional injuries,Mississippi,1571,56
9835,2000,"Accidents (unintentional injuries) (V01-X59,Y85-Y86)",Unintentional injuries,Mississippi,1653,58.9
9836,1999,"Accidents (unintentional injuries) (V01-X59,Y85-Y86)",Unintentional injuries,Mississippi,1642,58.9
9837,2015,"Accidents (unintentional injuries) (V01-X59,Y85-Y86)",Unintentional injuries,Missouri,3309,50.9
9838,2014,"Accidents (unintentional injuries) (V01-X59,Y85-Y86)",Unintentional injuries,Missouri,3110,48.7
9839,2013,"Accidents (unintentional injuries) (V01-X59,Y85-Y86)",Unintentional injuries,Missouri,2981,47
9840,2012,"Accidents (unintentional injuries) (V01-X59,Y85-Y86)",Unintentional injuries,Missouri,3002,47.8
9841,2011,"Accidents (unintentional injuries) (V01-X59,Y85-Y86)",Unintentional injuries,Missouri,3169,50.5
9842,2010,"Accidents (unintentional injuries) (V01-X59,Y85-Y86)",Unintentional injuries,Missouri,2975,47.9
9843,2009,"Accidents (unintentional injuries) (V01-X59,Y85-Y86)",Unintentional injuries,Missouri,2939,47.5
9844,2008,"Accidents (unintentional injuries) (V01-X59,Y85-Y86)",Unintentional injuries,Missouri,2997,48.9
9845,2007,"Accidents (unintentional injuries) (V01-X59,Y85-Y86)",Unintentional injuries,Missouri,2975,48.8
9846,2006,"Accidents (unintentional injuries) (V01-X59,Y85-Y86)",Unintentional injuries,Missouri,3009,50.1
9847,2005,"Accidents (unintentional injuries) (V01-X59,Y85-Y86)",Unintentional injuries,Missouri,2848,47.8
9848,2004,"Accidents (unintentional injuries) (V01-X59,Y85-Y86)",Unintentional injuries,Missouri,2728,46.4
9849,2003,"Accidents (unintentional injuries) (V01-X59,Y85-Y86)",Unintentional injuries,Missouri,2786,47.6
9850,2002,"Accidents (unintentional injuries) (V01-X59,Y85-Y86)",Unintentional injuries,Missouri,2641,45.6
9851,2001,"Accidents (unintentional injuries) (V01-X59,Y85-Y86)",Unintentional injuries,Missouri,2455,42.5
9852,2000,"Accidents (unintentional injuries) (V01-X59,Y85-Y86)",Unintentional injuries,Missouri,2398,41.9
9853,1999,"Accidents (unintentional injuries) (V01-X59,Y85-Y86)",Unintentional injuries,Missouri,2465,43.2
9854,2015,"Accidents (unintentional injuries) (V01-X59,Y85-Y86)",Unintentional injuries,Montana,637,56.3
9855,2014,"Accidents (unintentional injuries) (V01-X59,Y85-Y86)",Unintentional injuries,Montana,581,52.6
9856,2013,"Accidents (unintentional injuries) (V01-X59,Y85-Y86)",Unintentional injuries,Montana,623,57.7
9857,2012,"Accidents (unintentional injuries) (V01-X59,Y85-Y86)",Unintentional injuries,Montana,572,52.8
9858,2011,"Accidents (unintentional injuries) (V01-X59,Y85-Y86)",Unintentional injuries,Montana,609,56.8
9859,2010,"Accidents (unintentional injuries) (V01-X59,Y85-Y86)",Unintentional injuries,Montana,548,53.2
9860,2009,"Accidents (unintentional injuries) (V01-X59,Y85-Y86)",Unintentional injuries,Montana,619,60.3
9861,2008,"Accidents (unintentional injuries) (V01-X59,Y85-Y86)",Unintentional injuries,Montana,592,59.1
9862,2007,"Accidents (unintentional injuries) (V01-X59,Y85-Y86)",Unintentional injuries,Montana,614,60.3
9863,2006,"Accidents (unintentional injuries) (V01-X59,Y85-Y86)",Unintentional injuries,Montana,558,55.7
9864,2005,"Accidents (unintentional injuries) (V01-X59,Y85-Y86)",Unintentional injuries,Montana,524,53.2
9865,2004,"Accidents (unintentional injuries) (V01-X59,Y85-Y86)",Unintentional injuries,Montana,535,55.3
9866,2003,"Accidents (unintentional injuries) (V01-X59,Y85-Y86)",Unintentional injuries,Montana,518,54.8
9867,2002,"Accidents (unintentional injuries) (V01-X59,Y85-Y86)",Unintentional injuries,Montana,524,55.6
9868,2001,"Accidents (unintentional injuries) (V01-X59,Y85-Y86)",Unintentional injuries,Montana,468,50.1
9869,2000,"Accidents (unintentional injuries) (V01-X59,Y85-Y86)",Unintentional injuries,Montana,495,53.9
9870,1999,"Accidents (unintentional injuries) (V01-X59,Y85-Y86)",Unintentional injuries,Montana,461,50.3
9871,2015,"Accidents (unintentional injuries) (V01-X59,Y85-Y86)",Unintentional injuries,Nebraska,799,38.9
9872,2014,"Accidents (unintentional injuries) (V01-X59,Y85-Y86)",Unintentional injuries,Nebraska,781,38.6
9873,2013,"Accidents (unintentional injuries) (V01-X59,Y85-Y86)",Unintentional injuries,Nebraska,703,34.9
9874,2012,"Accidents (unintentional injuries) (V01-X59,Y85-Y86)",Unintentional injuries,Nebraska,792,39.8
9875,2011,"Accidents (unintentional injuries) (V01-X59,Y85-Y86)",Unintentional injuries,Nebraska,678,33.6
9876,2010,"Accidents (unintentional injuries) (V01-X59,Y85-Y86)",Unintentional injuries,Nebraska,700,35.8
9877,2009,"Accidents (unintentional injuries) (V01-X59,Y85-Y86)",Unintentional injuries,Nebraska,683,35.6
9878,2008,"Accidents (unintentional injuries) (V01-X59,Y85-Y86)",Unintentional injuries,Nebraska,714,37.1
9879,2007,"Accidents (unintentional injuries) (V01-X59,Y85-Y86)",Unintentional injuries,Nebraska,674,35.8
9880,2006,"Accidents (unintentional injuries) (V01-X59,Y85-Y86)",Unintentional injuries,Nebraska,683,36.1
9881,2005,"Accidents (unintentional injuries) (V01-X59,Y85-Y86)",Unintentional injuries,Nebraska,704,37.4
9882,2004,"Accidents (unintentional injuries) (V01-X59,Y85-Y86)",Unintentional injuries,Nebraska,743,39.7
9883,2003,"Accidents (unintentional injuries) (V01-X59,Y85-Y86)",Unintentional injuries,Nebraska,696,38
9884,2002,"Accidents (unintentional injuries) (V01-X59,Y85-Y86)",Unintentional injuries,Nebraska,762,41.7
9885,2001,"Accidents (unintentional injuries) (V01-X59,Y85-Y86)",Unintentional injuries,Nebraska,633,34.8
9886,2000,"Accidents (unintentional injuries) (V01-X59,Y85-Y86)",Unintentional injuries,Nebraska,640,35.3
9887,1999,"Accidents (unintentional injuries) (V01-X59,Y85-Y86)",Unintentional injuries,Nebraska,668,37.3
9888,2015,"Accidents (unintentional injuries) (V01-X59,Y85-Y86)",Unintentional injuries,Nevada,1340,45.4
9889,2014,"Accidents (unintentional injuries) (V01-X59,Y85-Y86)",Unintentional injuries,Nevada,1166,40.2
9890,2013,"Accidents (unintentional injuries) (V01-X59,Y85-Y86)",Unintentional injuries,Nevada,1184,41.9
9891,2012,"Accidents (unintentional injuries) (V01-X59,Y85-Y86)",Unintentional injuries,Nevada,1177,42.4
9892,2011,"Accidents (unintentional injuries) (V01-X59,Y85-Y86)",Unintentional injuries,Nevada,1155,42.8
9893,2010,"Accidents (unintentional injuries) (V01-X59,Y85-Y86)",Unintentional injuries,Nevada,1088,41.3
9894,2009,"Accidents (unintentional injuries) (V01-X59,Y85-Y86)",Unintentional injuries,Nevada,1025,39
9895,2008,"Accidents (unintentional injuries) (V01-X59,Y85-Y86)",Unintentional injuries,Nevada,1134,44
9896,2007,"Accidents (unintentional injuries) (V01-X59,Y85-Y86)",Unintentional injuries,Nevada,1212,48.1
9897,2006,"Accidents (unintentional injuries) (V01-X59,Y85-Y86)",Unintentional injuries,Nevada,1091,44.3
9898,2005,"Accidents (unintentional injuries) (V01-X59,Y85-Y86)",Unintentional injuries,Nevada,1104,47
9899,2004,"Accidents (unintentional injuries) (V01-X59,Y85-Y86)",Unintentional injuries,Nevada,1021,45.2
9900,2003,"Accidents (unintentional injuries) (V01-X59,Y85-Y86)",Unintentional injuries,Nevada,911,41.9
9901,2002,"Accidents (unintentional injuries) (V01-X59,Y85-Y86)",Unintentional injuries,Nevada,860,41.7
9902,2001,"Accidents (unintentional injuries) (V01-X59,Y85-Y86)",Unintentional injuries,Nevada,739,37
9903,2000,"Accidents (unintentional injuries) (V01-X59,Y85-Y86)",Unintentional injuries,Nevada,730,38.7
9904,1999,"Accidents (unintentional injuries) (V01-X59,Y85-Y86)",Unintentional injuries,Nevada,710,38.5
9905,2015,"Accidents (unintentional injuries) (V01-X59,Y85-Y86)",Unintentional injuries,New Hampshire,815,59
9906,2014,"Accidents (unintentional injuries) (V01-X59,Y85-Y86)",Unintentional injuries,New Hampshire,716,50.5
9907,2013,"Accidents (unintentional injuries) (V01-X59,Y85-Y86)",Unintentional injuries,New Hampshire,619,42.5
9908,2012,"Accidents (unintentional injuries) (V01-X59,Y85-Y86)",Unintentional injuries,New Hampshire,573,40.1
9909,2011,"Accidents (unintentional injuries) (V01-X59,Y85-Y86)",Unintentional injuries,New Hampshire,553,38.4
9910,2010,"Accidents (unintentional injuries) (V01-X59,Y85-Y86)",Unintentional injuries,New Hampshire,517,37.3
9911,2009,"Accidents (unintentional injuries) (V01-X59,Y85-Y86)",Unintentional injuries,New Hampshire,482,34.8
9912,2008,"Accidents (unintentional injuries) (V01-X59,Y85-Y86)",Unintentional injuries,New Hampshire,488,35.4
9913,2007,"Accidents (unintentional injuries) (V01-X59,Y85-Y86)",Unintentional injuries,New Hampshire,527,39
9914,2006,"Accidents (unintentional injuries) (V01-X59,Y85-Y86)",Unintentional injuries,New Hampshire,460,34.1
9915,2005,"Accidents (unintentional injuries) (V01-X59,Y85-Y86)",Unintentional injuries,New Hampshire,477,36.3
9916,2004,"Accidents (unintentional injuries) (V01-X59,Y85-Y86)",Unintentional injuries,New Hampshire,445,34.3
9917,2003,"Accidents (unintentional injuries) (V01-X59,Y85-Y86)",Unintentional injuries,New Hampshire,405,31.5
9918,2002,"Accidents (unintentional injuries) (V01-X59,Y85-Y86)",Unintentional injuries,New Hampshire,357,28.5
9919,2001,"Accidents (unintentional injuries) (V01-X59,Y85-Y86)",Unintentional injuries,New Hampshire,374,30.3
9920,2000,"Accidents (unintentional injuries) (V01-X59,Y85-Y86)",Unintentional injuries,New Hampshire,321,26.3
9921,1999,"Accidents (unintentional injuries) (V01-X59,Y85-Y86)",Unintentional injuries,New Hampshire,329,27.5
9922,2015,"Accidents (unintentional injuries) (V01-X59,Y85-Y86)",Unintentional injuries,New Jersey,3218,33.7
9923,2014,"Accidents (unintentional injuries) (V01-X59,Y85-Y86)",Unintentional injuries,New Jersey,2970,30.9
9924,2013,"Accidents (unintentional injuries) (V01-X59,Y85-Y86)",Unintentional injuries,New Jersey,3028,31.8
9925,2012,"Accidents (unintentional injuries) (V01-X59,Y85-Y86)",Unintentional injuries,New Jersey,2990,31.7
9926,2011,"Accidents (unintentional injuries) (V01-X59,Y85-Y86)",Unintentional injuries,New Jersey,2685,28.6
9927,2010,"Accidents (unintentional injuries) (V01-X59,Y85-Y86)",Unintentional injuries,New Jersey,2486,26.7
9928,2009,"Accidents (unintentional injuries) (V01-X59,Y85-Y86)",Unintentional injuries,New Jersey,1875,20.1
9929,2008,"Accidents (unintentional injuries) (V01-X59,Y85-Y86)",Unintentional injuries,New Jersey,2436,26.7
9930,2007,"Accidents (unintentional injuries) (V01-X59,Y85-Y86)",Unintentional injuries,New Jersey,2425,26.9
9931,2006,"Accidents (unintentional injuries) (V01-X59,Y85-Y86)",Unintentional injuries,New Jersey,2590,29
9932,2005,"Accidents (unintentional injuries) (V01-X59,Y85-Y86)",Unintentional injuries,New Jersey,2561,28.8
9933,2004,"Accidents (unintentional injuries) (V01-X59,Y85-Y86)",Unintentional injuries,New Jersey,2324,26.3
9934,2003,"Accidents (unintentional injuries) (V01-X59,Y85-Y86)",Unintentional injuries,New Jersey,2371,27
9935,2002,"Accidents (unintentional injuries) (V01-X59,Y85-Y86)",Unintentional injuries,New Jersey,2599,29.8
9936,2001,"Accidents (unintentional injuries) (V01-X59,Y85-Y86)",Unintentional injuries,New Jersey,2405,27.8
9937,2000,"Accidents (unintentional injuries) (V01-X59,Y85-Y86)",Unintentional injuries,New Jersey,2284,26.7
9938,1999,"Accidents (unintentional injuries) (V01-X59,Y85-Y86)",Unintentional injuries,New Jersey,2227,26.2
9939,2015,"Accidents (unintentional injuries) (V01-X59,Y85-Y86)",Unintentional injuries,New Mexico,1430,67.3
9940,2014,"Accidents (unintentional injuries) (V01-X59,Y85-Y86)",Unintentional injuries,New Mexico,1534,72.1
9941,2013,"Accidents (unintentional injuries) (V01-X59,Y85-Y86)",Unintentional injuries,New Mexico,1245,59
9942,2012,"Accidents (unintentional injuries) (V01-X59,Y85-Y86)",Unintentional injuries,New Mexico,1351,65
9943,2011,"Accidents (unintentional injuries) (V01-X59,Y85-Y86)",Unintentional injuries,New Mexico,1336,64.4
9944,2010,"Accidents (unintentional injuries) (V01-X59,Y85-Y86)",Unintentional injuries,New Mexico,1233,60.7
9945,2009,"Accidents (unintentional injuries) (V01-X59,Y85-Y86)",Unintentional injuries,New Mexico,1281,63.8
9946,2008,"Accidents (unintentional injuries) (V01-X59,Y85-Y86)",Unintentional injuries,New Mexico,1366,69.3
9947,2007,"Accidents (unintentional injuries) (V01-X59,Y85-Y86)",Unintentional injuries,New Mexico,1329,67.7
9948,2006,"Accidents (unintentional injuries) (V01-X59,Y85-Y86)",Unintentional injuries,New Mexico,1297,67.6
9949,2005,"Accidents (unintentional injuries) (V01-X59,Y85-Y86)",Unintentional injuries,New Mexico,1267,67
9950,2004,"Accidents (unintentional injuries) (V01-X59,Y85-Y86)",Unintentional injuries,New Mexico,1223,66
9951,2003,"Accidents (unintentional injuries) (V01-X59,Y85-Y86)",Unintentional injuries,New Mexico,1227,67.3
9952,2002,"Accidents (unintentional injuries) (V01-X59,Y85-Y86)",Unintentional injuries,New Mexico,1105,61.4
9953,2001,"Accidents (unintentional injuries) (V01-X59,Y85-Y86)",Unintentional injuries,New Mexico,1020,57.7
9954,2000,"Accidents (unintentional injuries) (V01-X59,Y85-Y86)",Unintentional injuries,New Mexico,995,56.8
9955,1999,"Accidents (unintentional injuries) (V01-X59,Y85-Y86)",Unintentional injuries,New Mexico,969,55.9
9956,2015,"Accidents (unintentional injuries) (V01-X59,Y85-Y86)",Unintentional injuries,New York,6515,30.2
9957,2014,"Accidents (unintentional injuries) (V01-X59,Y85-Y86)",Unintentional injuries,New York,5945,27.6
9958,2013,"Accidents (unintentional injuries) (V01-X59,Y85-Y86)",Unintentional injuries,New York,5927,27.8
9959,2012,"Accidents (unintentional injuries) (V01-X59,Y85-Y86)",Unintentional injuries,New York,5786,27.4
9960,2011,"Accidents (unintentional injuries) (V01-X59,Y85-Y86)",Unintentional injuries,New York,5537,26.4
9961,2010,"Accidents (unintentional injuries) (V01-X59,Y85-Y86)",Unintentional injuries,New York,5004,24.2
9962,2009,"Accidents (unintentional injuries) (V01-X59,Y85-Y86)",Unintentional injuries,New York,4891,23.9
9963,2008,"Accidents (unintentional injuries) (V01-X59,Y85-Y86)",Unintentional injuries,New York,5042,24.8
9964,2007,"Accidents (unintentional injuries) (V01-X59,Y85-Y86)",Unintentional injuries,New York,5160,25.7
9965,2006,"Accidents (unintentional injuries) (V01-X59,Y85-Y86)",Unintentional injuries,New York,5235,26.2
9966,2005,"Accidents (unintentional injuries) (V01-X59,Y85-Y86)",Unintentional injuries,New York,4645,23.3
9967,2004,"Accidents (unintentional injuries) (V01-X59,Y85-Y86)",Unintentional injuries,New York,4530,22.9
9968,2003,"Accidents (unintentional injuries) (V01-X59,Y85-Y86)",Unintentional injuries,New York,4708,23.9
9969,2002,"Accidents (unintentional injuries) (V01-X59,Y85-Y86)",Unintentional injuries,New York,4663,23.9
9970,2001,"Accidents (unintentional injuries) (V01-X59,Y85-Y86)",Unintentional injuries,New York,4982,25.7
9971,2000,"Accidents (unintentional injuries) (V01-X59,Y85-Y86)",Unintentional injuries,New York,4244,22
9972,1999,"Accidents (unintentional injuries) (V01-X59,Y85-Y86)",Unintentional injuries,New York,4797,25.2
9973,2015,"Accidents (unintentional injuries) (V01-X59,Y85-Y86)",Unintentional injuries,North Carolina,4991,47.9
9974,2014,"Accidents (unintentional injuries) (V01-X59,Y85-Y86)",Unintentional injuries,North Carolina,4557,44.4
9975,2013,"Accidents (unintentional injuries) (V01-X59,Y85-Y86)",Unintentional injuries,North Carolina,4324,42.7
9976,2012,"Accidents (unintentional injuries) (V01-X59,Y85-Y86)",Unintentional injuries,North Carolina,4281,43
9977,2011,"Accidents (unintentional injuries) (V01-X59,Y85-Y86)",Unintentional injuries,North Carolina,4297,43.8
9978,2010,"Accidents (unintentional injuries) (V01-X59,Y85-Y86)",Unintentional injuries,North Carolina,4144,43.2
9979,2009,"Accidents (unintentional injuries) (V01-X59,Y85-Y86)",Unintentional injuries,North Carolina,4136,43.6
9980,2008,"Accidents (unintentional injuries) (V01-X59,Y85-Y86)",Unintentional injuries,North Carolina,4313,46.4
9981,2007,"Accidents (unintentional injuries) (V01-X59,Y85-Y86)",Unintentional injuries,North Carolina,4389,48.3
9982,2006,"Accidents (unintentional injuries) (V01-X59,Y85-Y86)",Unintentional injuries,North Carolina,4156,46.9
9983,2005,"Accidents (unintentional injuries) (V01-X59,Y85-Y86)",Unintentional injuries,North Carolina,4123,47.9
9984,2004,"Accidents (unintentional injuries) (V01-X59,Y85-Y86)",Unintentional injuries,North Carolina,4019,47.7
9985,2003,"Accidents (unintentional injuries) (V01-X59,Y85-Y86)",Unintentional injuries,North Carolina,3835,46.3
9986,2002,"Accidents (unintentional injuries) (V01-X59,Y85-Y86)",Unintentional injuries,North Carolina,3700,45.3
9987,2001,"Accidents (unintentional injuries) (V01-X59,Y85-Y86)",Unintentional injuries,North Carolina,3438,42.6
9988,2000,"Accidents (unintentional injuries) (V01-X59,Y85-Y86)",Unintentional injuries,North Carolina,3525,44.7
9989,1999,"Accidents (unintentional injuries) (V01-X59,Y85-Y86)",Unintentional injuries,North Carolina,3290,42.1
9990,2015,"Accidents (unintentional injuries) (V01-X59,Y85-Y86)",Unintentional injuries,North Dakota,368,44.1
9991,2014,"Accidents (unintentional injuries) (V01-X59,Y85-Y86)",Unintentional injuries,North Dakota,349,43.3
9992,2013,"Accidents (unintentional injuries) (V01-X59,Y85-Y86)",Unintentional injuries,North Dakota,326,41.7
9993,2012,"Accidents (unintentional injuries) (V01-X59,Y85-Y86)",Unintentional injuries,North Dakota,318,41.1
9994,2011,"Accidents (unintentional injuries) (V01-X59,Y85-Y86)",Unintentional injuries,North Dakota,298,39.1
9995,2010,"Accidents (unintentional injuries) (V01-X59,Y85-Y86)",Unintentional injuries,North Dakota,285,38.8
9996,2009,"Accidents (unintentional injuries) (V01-X59,Y85-Y86)",Unintentional injuries,North Dakota,324,44.1
9997,2008,"Accidents (unintentional injuries) (V01-X59,Y85-Y86)",Unintentional injuries,North Dakota,342,47.2
9998,2007,"Accidents (unintentional injuries) (V01-X59,Y85-Y86)",Unintentional injuries,North Dakota,279,38.9
9999,2006,"Accidents (unintentional injuries) (V01-X59,Y85-Y86)",Unintentional injuries,North Dakota,275,38.9
10000,2005,"Accidents (unintentional injuries) (V01-X59,Y85-Y86)",Unintentional injuries,North Dakota,287,39.7
10001,2004,"Accidents (unintentional injuries) (V01-X59,Y85-Y86)",Unintentional injuries,North Dakota,274,38.1
10002,2003,"Accidents (unintentional injuries) (V01-X59,Y85-Y86)",Unintentional injuries,North Dakota,282,39.9
10003,2002,"Accidents (unintentional injuries) (V01-X59,Y85-Y86)",Unintentional injuries,North Dakota,246,35.1
10004,2001,"Accidents (unintentional injuries) (V01-X59,Y85-Y86)",Unintentional injuries,North Dakota,238,33.9
10005,2000,"Accidents (unintentional injuries) (V01-X59,Y85-Y86)",Unintentional injuries,North Dakota,248,35.3
10006,1999,"Accidents (unintentional injuries) (V01-X59,Y85-Y86)",Unintentional injuries,North Dakota,267,38.4
10007,2015,"Accidents (unintentional injuries) (V01-X59,Y85-Y86)",Unintentional injuries,Ohio,6756,55.9
10008,2014,"Accidents (unintentional injuries) (V01-X59,Y85-Y86)",Unintentional injuries,Ohio,6178,50.8
10009,2013,"Accidents (unintentional injuries) (V01-X59,Y85-Y86)",Unintentional injuries,Ohio,5497,45
10010,2012,"Accidents (unintentional injuries) (V01-X59,Y85-Y86)",Unintentional injuries,Ohio,5420,44.7
10011,2011,"Accidents (unintentional injuries) (V01-X59,Y85-Y86)",Unintentional injuries,Ohio,5275,43.4
10012,2010,"Accidents (unintentional injuries) (V01-X59,Y85-Y86)",Unintentional injuries,Ohio,5124,42.4
10013,2009,"Accidents (unintentional injuries) (V01-X59,Y85-Y86)",Unintentional injuries,Ohio,4012,33.1
10014,2008,"Accidents (unintentional injuries) (V01-X59,Y85-Y86)",Unintentional injuries,Ohio,5093,42.3
10015,2007,"Accidents (unintentional injuries) (V01-X59,Y85-Y86)",Unintentional injuries,Ohio,4922,41.3
10016,2006,"Accidents (unintentional injuries) (V01-X59,Y85-Y86)",Unintentional injuries,Ohio,4821,40.5
10017,2005,"Accidents (unintentional injuries) (V01-X59,Y85-Y86)",Unintentional injuries,Ohio,4438,37.7
10018,2004,"Accidents (unintentional injuries) (V01-X59,Y85-Y86)",Unintentional injuries,Ohio,4234,36.1
10019,2003,"Accidents (unintentional injuries) (V01-X59,Y85-Y86)",Unintentional injuries,Ohio,3757,32.2
10020,2002,"Accidents (unintentional injuries) (V01-X59,Y85-Y86)",Unintentional injuries,Ohio,4146,35.8
10021,2001,"Accidents (unintentional injuries) (V01-X59,Y85-Y86)",Unintentional injuries,Ohio,3857,33.4
10022,2000,"Accidents (unintentional injuries) (V01-X59,Y85-Y86)",Unintentional injuries,Ohio,3492,30.5
10023,1999,"Accidents (unintentional injuries) (V01-X59,Y85-Y86)",Unintentional injuries,Ohio,3630,31.8
10024,2015,"Accidents (unintentional injuries) (V01-X59,Y85-Y86)",Unintentional injuries,Oklahoma,2422,60.1
10025,2014,"Accidents (unintentional injuries) (V01-X59,Y85-Y86)",Unintentional injuries,Oklahoma,2421,60.4
10026,2013,"Accidents (unintentional injuries) (V01-X59,Y85-Y86)",Unintentional injuries,Oklahoma,2474,62.7
10027,2012,"Accidents (unintentional injuries) (V01-X59,Y85-Y86)",Unintentional injuries,Oklahoma,2388,61.6
10028,2011,"Accidents (unintentional injuries) (V01-X59,Y85-Y86)",Unintentional injuries,Oklahoma,2261,58.8
10029,2010,"Accidents (unintentional injuries) (V01-X59,Y85-Y86)",Unintentional injuries,Oklahoma,2288,60.3
10030,2009,"Accidents (unintentional injuries) (V01-X59,Y85-Y86)",Unintentional injuries,Oklahoma,2284,61.2
10031,2008,"Accidents (unintentional injuries) (V01-X59,Y85-Y86)",Unintentional injuries,Oklahoma,2119,57.2
10032,2007,"Accidents (unintentional injuries) (V01-X59,Y85-Y86)",Unintentional injuries,Oklahoma,2149,58.8
10033,2006,"Accidents (unintentional injuries) (V01-X59,Y85-Y86)",Unintentional injuries,Oklahoma,2039,56.6
10034,2005,"Accidents (unintentional injuries) (V01-X59,Y85-Y86)",Unintentional injuries,Oklahoma,2005,56.1
10035,2004,"Accidents (unintentional injuries) (V01-X59,Y85-Y86)",Unintentional injuries,Oklahoma,1947,55
10036,2003,"Accidents (unintentional injuries) (V01-X59,Y85-Y86)",Unintentional injuries,Oklahoma,1748,49.9
10037,2002,"Accidents (unintentional injuries) (V01-X59,Y85-Y86)",Unintentional injuries,Oklahoma,1580,44.9
10038,2001,"Accidents (unintentional injuries) (V01-X59,Y85-Y86)",Unintentional injuries,Oklahoma,1700,48.5
10039,2000,"Accidents (unintentional injuries) (V01-X59,Y85-Y86)",Unintentional injuries,Oklahoma,1566,44.9
10040,1999,"Accidents (unintentional injuries) (V01-X59,Y85-Y86)",Unintentional injuries,Oklahoma,1609,46.3
10041,2015,"Accidents (unintentional injuries) (V01-X59,Y85-Y86)",Unintentional injuries,Oregon,1999,44.5
10042,2014,"Accidents (unintentional injuries) (V01-X59,Y85-Y86)",Unintentional injuries,Oregon,1803,41
10043,2013,"Accidents (unintentional injuries) (V01-X59,Y85-Y86)",Unintentional injuries,Oregon,1755,40.1
10044,2012,"Accidents (unintentional injuries) (V01-X59,Y85-Y86)",Unintentional injuries,Oregon,1709,39.9
10045,2011,"Accidents (unintentional injuries) (V01-X59,Y85-Y86)",Unintentional injuries,Oregon,1722,40.6
10046,2010,"Accidents (unintentional injuries) (V01-X59,Y85-Y86)",Unintentional injuries,Oregon,1566,37.8
10047,2009,"Accidents (unintentional injuries) (V01-X59,Y85-Y86)",Unintentional injuries,Oregon,1598,39.3
10048,2008,"Accidents (unintentional injuries) (V01-X59,Y85-Y86)",Unintentional injuries,Oregon,1674,41.7
10049,2007,"Accidents (unintentional injuries) (V01-X59,Y85-Y86)",Unintentional injuries,Oregon,1646,41.8
10050,2006,"Accidents (unintentional injuries) (V01-X59,Y85-Y86)",Unintentional injuries,Oregon,1586,40.8
10051,2005,"Accidents (unintentional injuries) (V01-X59,Y85-Y86)",Unintentional injuries,Oregon,1469,38.8
10052,2004,"Accidents (unintentional injuries) (V01-X59,Y85-Y86)",Unintentional injuries,Oregon,1444,38.9
10053,2003,"Accidents (unintentional injuries) (V01-X59,Y85-Y86)",Unintentional injuries,Oregon,1401,38.2
10054,2002,"Accidents (unintentional injuries) (V01-X59,Y85-Y86)",Unintentional injuries,Oregon,1397,38.4
10055,2001,"Accidents (unintentional injuries) (V01-X59,Y85-Y86)",Unintentional injuries,Oregon,1313,36.9
10056,2000,"Accidents (unintentional injuries) (V01-X59,Y85-Y86)",Unintentional injuries,Oregon,1248,35.8
10057,1999,"Accidents (unintentional injuries) (V01-X59,Y85-Y86)",Unintentional injuries,Oregon,1199,34.7
10058,2015,"Accidents (unintentional injuries) (V01-X59,Y85-Y86)",Unintentional injuries,Pennsylvania,7324,52
10059,2014,"Accidents (unintentional injuries) (V01-X59,Y85-Y86)",Unintentional injuries,Pennsylvania,6640,46.8
10060,2013,"Accidents (unintentional injuries) (V01-X59,Y85-Y86)",Unintentional injuries,Pennsylvania,6359,44.9
10061,2012,"Accidents (unintentional injuries) (V01-X59,Y85-Y86)",Unintentional injuries,Pennsylvania,6334,45
10062,2011,"Accidents (unintentional injuries) (V01-X59,Y85-Y86)",Unintentional injuries,Pennsylvania,6216,44.4
10063,2010,"Accidents (unintentional injuries) (V01-X59,Y85-Y86)",Unintentional injuries,Pennsylvania,5751,41.1
10064,2009,"Accidents (unintentional injuries) (V01-X59,Y85-Y86)",Unintentional injuries,Pennsylvania,5477,39.4
10065,2008,"Accidents (unintentional injuries) (V01-X59,Y85-Y86)",Unintentional injuries,Pennsylvania,5787,42.1
10066,2007,"Accidents (unintentional injuries) (V01-X59,Y85-Y86)",Unintentional injuries,Pennsylvania,5568,40.8
10067,2006,"Accidents (unintentional injuries) (V01-X59,Y85-Y86)",Unintentional injuries,Pennsylvania,5299,39.5
10068,2005,"Accidents (unintentional injuries) (V01-X59,Y85-Y86)",Unintentional injuries,Pennsylvania,5446,40.8
10069,2004,"Accidents (unintentional injuries) (V01-X59,Y85-Y86)",Unintentional injuries,Pennsylvania,5200,39.1
10070,2003,"Accidents (unintentional injuries) (V01-X59,Y85-Y86)",Unintentional injuries,Pennsylvania,5014,37.9
10071,2002,"Accidents (unintentional injuries) (V01-X59,Y85-Y86)",Unintentional injuries,Pennsylvania,4728,35.9
10072,2001,"Accidents (unintentional injuries) (V01-X59,Y85-Y86)",Unintentional injuries,Pennsylvania,4552,34.6
10073,2000,"Accidents (unintentional injuries) (V01-X59,Y85-Y86)",Unintentional injuries,Pennsylvania,4583,35.2
10074,1999,"Accidents (unintentional injuries) (V01-X59,Y85-Y86)",Unintentional injuries,Pennsylvania,4614,35.3
10075,2015,"Accidents (unintentional injuries) (V01-X59,Y85-Y86)",Unintentional injuries,Rhode Island,649,53.1
10076,2014,"Accidents (unintentional injuries) (V01-X59,Y85-Y86)",Unintentional injuries,Rhode Island,592,49.2
10077,2013,"Accidents (unintentional injuries) (V01-X59,Y85-Y86)",Unintentional injuries,Rhode Island,537,45.3
10078,2012,"Accidents (unintentional injuries) (V01-X59,Y85-Y86)",Unintentional injuries,Rhode Island,525,44.1
10079,2011,"Accidents (unintentional injuries) (V01-X59,Y85-Y86)",Unintentional injuries,Rhode Island,541,44.6
10080,2010,"Accidents (unintentional injuries) (V01-X59,Y85-Y86)",Unintentional injuries,Rhode Island,475,40.1
10081,2009,"Accidents (unintentional injuries) (V01-X59,Y85-Y86)",Unintentional injuries,Rhode Island,428,36.1
10082,2008,"Accidents (unintentional injuries) (V01-X59,Y85-Y86)",Unintentional injuries,Rhode Island,480,40.6
10083,2007,"Accidents (unintentional injuries) (V01-X59,Y85-Y86)",Unintentional injuries,Rhode Island,416,34.7
10084,2006,"Accidents (unintentional injuries) (V01-X59,Y85-Y86)",Unintentional injuries,Rhode Island,434,36.5
10085,2005,"Accidents (unintentional injuries) (V01-X59,Y85-Y86)",Unintentional injuries,Rhode Island,334,27.6
10086,2004,"Accidents (unintentional injuries) (V01-X59,Y85-Y86)",Unintentional injuries,Rhode Island,298,24.8
10087,2003,"Accidents (unintentional injuries) (V01-X59,Y85-Y86)",Unintentional injuries,Rhode Island,393,33.9
10088,2002,"Accidents (unintentional injuries) (V01-X59,Y85-Y86)",Unintentional injuries,Rhode Island,277,23.4
10089,2001,"Accidents (unintentional injuries) (V01-X59,Y85-Y86)",Unintentional injuries,Rhode Island,293,25.3
10090,2000,"Accidents (unintentional injuries) (V01-X59,Y85-Y86)",Unintentional injuries,Rhode Island,235,20.5
10091,1999,"Accidents (unintentional injuries) (V01-X59,Y85-Y86)",Unintentional injuries,Rhode Island,243,21.5
10092,2015,"Accidents (unintentional injuries) (V01-X59,Y85-Y86)",Unintentional injuries,South Carolina,2737,54
10093,2014,"Accidents (unintentional injuries) (V01-X59,Y85-Y86)",Unintentional injuries,South Carolina,2436,48.2
10094,2013,"Accidents (unintentional injuries) (V01-X59,Y85-Y86)",Unintentional injuries,South Carolina,2287,46.6
10095,2012,"Accidents (unintentional injuries) (V01-X59,Y85-Y86)",Unintentional injuries,South Carolina,2336,48.3
10096,2011,"Accidents (unintentional injuries) (V01-X59,Y85-Y86)",Unintentional injuries,South Carolina,2285,48.2
10097,2010,"Accidents (unintentional injuries) (V01-X59,Y85-Y86)",Unintentional injuries,South Carolina,2274,48.9
10098,2009,"Accidents (unintentional injuries) (V01-X59,Y85-Y86)",Unintentional injuries,South Carolina,2229,48
10099,2008,"Accidents (unintentional injuries) (V01-X59,Y85-Y86)",Unintentional injuries,South Carolina,2285,50.4
10100,2007,"Accidents (unintentional injuries) (V01-X59,Y85-Y86)",Unintentional injuries,South Carolina,2364,53.2
10101,2006,"Accidents (unintentional injuries) (V01-X59,Y85-Y86)",Unintentional injuries,South Carolina,2315,53.3
10102,2005,"Accidents (unintentional injuries) (V01-X59,Y85-Y86)",Unintentional injuries,South Carolina,2272,53.4
10103,2004,"Accidents (unintentional injuries) (V01-X59,Y85-Y86)",Unintentional injuries,South Carolina,2094,50.1
10104,2003,"Accidents (unintentional injuries) (V01-X59,Y85-Y86)",Unintentional injuries,South Carolina,1941,47.5
10105,2002,"Accidents (unintentional injuries) (V01-X59,Y85-Y86)",Unintentional injuries,South Carolina,1972,48.7
10106,2001,"Accidents (unintentional injuries) (V01-X59,Y85-Y86)",Unintentional injuries,South Carolina,1960,49
10107,2000,"Accidents (unintentional injuries) (V01-X59,Y85-Y86)",Unintentional injuries,South Carolina,1974,50
10108,1999,"Accidents (unintentional injuries) (V01-X59,Y85-Y86)",Unintentional injuries,South Carolina,1901,49.2
10109,2015,"Accidents (unintentional injuries) (V01-X59,Y85-Y86)",Unintentional injuries,South Dakota,469,49.5
10110,2014,"Accidents (unintentional injuries) (V01-X59,Y85-Y86)",Unintentional injuries,South Dakota,462,49.2
10111,2013,"Accidents (unintentional injuries) (V01-X59,Y85-Y86)",Unintentional injuries,South Dakota,425,46.7
10112,2012,"Accidents (unintentional injuries) (V01-X59,Y85-Y86)",Unintentional injuries,South Dakota,426,47.4
10113,2011,"Accidents (unintentional injuries) (V01-X59,Y85-Y86)",Unintentional injuries,South Dakota,411,45
10114,2010,"Accidents (unintentional injuries) (V01-X59,Y85-Y86)",Unintentional injuries,South Dakota,393,44.5
10115,2009,"Accidents (unintentional injuries) (V01-X59,Y85-Y86)",Unintentional injuries,South Dakota,349,40.7
10116,2008,"Accidents (unintentional injuries) (V01-X59,Y85-Y86)",Unintentional injuries,South Dakota,381,43.4
10117,2007,"Accidents (unintentional injuries) (V01-X59,Y85-Y86)",Unintentional injuries,South Dakota,366,42.5
10118,2006,"Accidents (unintentional injuries) (V01-X59,Y85-Y86)",Unintentional injuries,South Dakota,452,53.4
10119,2005,"Accidents (unintentional injuries) (V01-X59,Y85-Y86)",Unintentional injuries,South Dakota,402,48.7
10120,2004,"Accidents (unintentional injuries) (V01-X59,Y85-Y86)",Unintentional injuries,South Dakota,416,50.9
10121,2003,"Accidents (unintentional injuries) (V01-X59,Y85-Y86)",Unintentional injuries,South Dakota,406,50.5
10122,2002,"Accidents (unintentional injuries) (V01-X59,Y85-Y86)",Unintentional injuries,South Dakota,348,43.5
10123,2001,"Accidents (unintentional injuries) (V01-X59,Y85-Y86)",Unintentional injuries,South Dakota,382,47.3
10124,2000,"Accidents (unintentional injuries) (V01-X59,Y85-Y86)",Unintentional injuries,South Dakota,321,41.2
10125,1999,"Accidents (unintentional injuries) (V01-X59,Y85-Y86)",Unintentional injuries,South Dakota,351,44.8
10126,2015,"Accidents (unintentional injuries) (V01-X59,Y85-Y86)",Unintentional injuries,Tennessee,3873,56.4
10127,2014,"Accidents (unintentional injuries) (V01-X59,Y85-Y86)",Unintentional injuries,Tennessee,3686,54.2
10128,2013,"Accidents (unintentional injuries) (V01-X59,Y85-Y86)",Unintentional injuries,Tennessee,3540,52.7
10129,2012,"Accidents (unintentional injuries) (V01-X59,Y85-Y86)",Unintentional injuries,Tennessee,3513,53.1
10130,2011,"Accidents (unintentional injuries) (V01-X59,Y85-Y86)",Unintentional injuries,Tennessee,3485,53.3
10131,2010,"Accidents (unintentional injuries) (V01-X59,Y85-Y86)",Unintentional injuries,Tennessee,3539,54.9
10132,2009,"Accidents (unintentional injuries) (V01-X59,Y85-Y86)",Unintentional injuries,Tennessee,3231,50.6
10133,2008,"Accidents (unintentional injuries) (V01-X59,Y85-Y86)",Unintentional injuries,Tennessee,3250,51.5
10134,2007,"Accidents (unintentional injuries) (V01-X59,Y85-Y86)",Unintentional injuries,Tennessee,3257,52.4
10135,2006,"Accidents (unintentional injuries) (V01-X59,Y85-Y86)",Unintentional injuries,Tennessee,3307,54.3
10136,2005,"Accidents (unintentional injuries) (V01-X59,Y85-Y86)",Unintentional injuries,Tennessee,3147,52.6
10137,2004,"Accidents (unintentional injuries) (V01-X59,Y85-Y86)",Unintentional injuries,Tennessee,3156,53.6
10138,2003,"Accidents (unintentional injuries) (V01-X59,Y85-Y86)",Unintentional injuries,Tennessee,3004,51.8
10139,2002,"Accidents (unintentional injuries) (V01-X59,Y85-Y86)",Unintentional injuries,Tennessee,2744,47.7
10140,2001,"Accidents (unintentional injuries) (V01-X59,Y85-Y86)",Unintentional injuries,Tennessee,2709,47.3
10141,2000,"Accidents (unintentional injuries) (V01-X59,Y85-Y86)",Unintentional injuries,Tennessee,2743,48.5
10142,1999,"Accidents (unintentional injuries) (V01-X59,Y85-Y86)",Unintentional injuries,Tennessee,2677,47.8
10143,2015,"Accidents (unintentional injuries) (V01-X59,Y85-Y86)",Unintentional injuries,Texas,9976,37.4
10144,2014,"Accidents (unintentional injuries) (V01-X59,Y85-Y86)",Unintentional injuries,Texas,9723,37.3
10145,2013,"Accidents (unintentional injuries) (V01-X59,Y85-Y86)",Unintentional injuries,Texas,9395,37
10146,2012,"Accidents (unintentional injuries) (V01-X59,Y85-Y86)",Unintentional injuries,Texas,9313,37.4
10147,2011,"Accidents (unintentional injuries) (V01-X59,Y85-Y86)",Unintentional injuries,Texas,9410,38.7
10148,2010,"Accidents (unintentional injuries) (V01-X59,Y85-Y86)",Unintentional injuries,Texas,9212,39
10149,2009,"Accidents (unintentional injuries) (V01-X59,Y85-Y86)",Unintentional injuries,Texas,9349,40.2
10150,2008,"Accidents (unintentional injuries) (V01-X59,Y85-Y86)",Unintentional injuries,Texas,9189,40.4
10151,2007,"Accidents (unintentional injuries) (V01-X59,Y85-Y86)",Unintentional injuries,Texas,9392,42
10152,2006,"Accidents (unintentional injuries) (V01-X59,Y85-Y86)",Unintentional injuries,Texas,9140,41.6
10153,2005,"Accidents (unintentional injuries) (V01-X59,Y85-Y86)",Unintentional injuries,Texas,8598,40.4
10154,2004,"Accidents (unintentional injuries) (V01-X59,Y85-Y86)",Unintentional injuries,Texas,8323,39.7
10155,2003,"Accidents (unintentional injuries) (V01-X59,Y85-Y86)",Unintentional injuries,Texas,8425,40.8
10156,2002,"Accidents (unintentional injuries) (V01-X59,Y85-Y86)",Unintentional injuries,Texas,8232,40.4
10157,2001,"Accidents (unintentional injuries) (V01-X59,Y85-Y86)",Unintentional injuries,Texas,7920,39.7
10158,2000,"Accidents (unintentional injuries) (V01-X59,Y85-Y86)",Unintentional injuries,Texas,7407,37.6
10159,1999,"Accidents (unintentional injuries) (V01-X59,Y85-Y86)",Unintentional injuries,Texas,7227,37.6
10160,2016,"Accidents (unintentional injuries) (V01-X59,Y85-Y86)",Unintentional injuries,United States,161374,47.4
10161,2015,"Accidents (unintentional injuries) (V01-X59,Y85-Y86)",Unintentional injuries,United States,146571,43.2
10162,2014,"Accidents (unintentional injuries) (V01-X59,Y85-Y86)",Unintentional injuries,United States,135928,40.5
10163,2013,"Accidents (unintentional injuries) (V01-X59,Y85-Y86)",Unintentional injuries,United States,130557,39.4
10164,2012,"Accidents (unintentional injuries) (V01-X59,Y85-Y86)",Unintentional injuries,United States,127792,39.1
10165,2011,"Accidents (unintentional injuries) (V01-X59,Y85-Y86)",Unintentional injuries,United States,126438,39.1
10166,2010,"Accidents (unintentional injuries) (V01-X59,Y85-Y86)",Unintentional injuries,United States,120859,38
10167,2009,"Accidents (unintentional injuries) (V01-X59,Y85-Y86)",Unintentional injuries,United States,118021,37.5
10168,2008,"Accidents (unintentional injuries) (V01-X59,Y85-Y86)",Unintentional injuries,United States,121902,39.3
10169,2007,"Accidents (unintentional injuries) (V01-X59,Y85-Y86)",Unintentional injuries,United States,123706,40.4
10170,2006,"Accidents (unintentional injuries) (V01-X59,Y85-Y86)",Unintentional injuries,United States,121599,40.2
10171,2005,"Accidents (unintentional injuries) (V01-X59,Y85-Y86)",Unintentional injuries,United States,117809,39.5
10172,2004,"Accidents (unintentional injuries) (V01-X59,Y85-Y86)",Unintentional injuries,United States,112012,38.1
10173,2003,"Accidents (unintentional injuries) (V01-X59,Y85-Y86)",Unintentional injuries,United States,109277,37.6
10174,2002,"Accidents (unintentional injuries) (V01-X59,Y85-Y86)",Unintentional injuries,United States,106742,37.1
10175,2001,"Accidents (unintentional injuries) (V01-X59,Y85-Y86)",Unintentional injuries,United States,101537,35.7
10176,2000,"Accidents (unintentional injuries) (V01-X59,Y85-Y86)",Unintentional injuries,United States,97900,34.9
10177,1999,"Accidents (unintentional injuries) (V01-X59,Y85-Y86)",Unintentional injuries,United States,97860,35.3
10178,2015,"Accidents (unintentional injuries) (V01-X59,Y85-Y86)",Unintentional injuries,Utah,1223,45.6
10179,2014,"Accidents (unintentional injuries) (V01-X59,Y85-Y86)",Unintentional injuries,Utah,1167,45.5
10180,2013,"Accidents (unintentional injuries) (V01-X59,Y85-Y86)",Unintentional injuries,Utah,1103,43.4
10181,2012,"Accidents (unintentional injuries) (V01-X59,Y85-Y86)",Unintentional injuries,Utah,1097,44.5
10182,2011,"Accidents (unintentional injuries) (V01-X59,Y85-Y86)",Unintentional injuries,Utah,1058,42.9
10183,2010,"Accidents (unintentional injuries) (V01-X59,Y85-Y86)",Unintentional injuries,Utah,970,40.6
10184,2009,"Accidents (unintentional injuries) (V01-X59,Y85-Y86)",Unintentional injuries,Utah,899,38.2
10185,2008,"Accidents (unintentional injuries) (V01-X59,Y85-Y86)",Unintentional injuries,Utah,881,37.8
10186,2007,"Accidents (unintentional injuries) (V01-X59,Y85-Y86)",Unintentional injuries,Utah,811,35.6
10187,2006,"Accidents (unintentional injuries) (V01-X59,Y85-Y86)",Unintentional injuries,Utah,715,31.6
10188,2005,"Accidents (unintentional injuries) (V01-X59,Y85-Y86)",Unintentional injuries,Utah,743,34.6
10189,2004,"Accidents (unintentional injuries) (V01-X59,Y85-Y86)",Unintentional injuries,Utah,697,33.4
10190,2003,"Accidents (unintentional injuries) (V01-X59,Y85-Y86)",Unintentional injuries,Utah,702,34.7
10191,2002,"Accidents (unintentional injuries) (V01-X59,Y85-Y86)",Unintentional injuries,Utah,714,35.8
10192,2001,"Accidents (unintentional injuries) (V01-X59,Y85-Y86)",Unintentional injuries,Utah,643,32.5
10193,2000,"Accidents (unintentional injuries) (V01-X59,Y85-Y86)",Unintentional injuries,Utah,665,34.2
10194,1999,"Accidents (unintentional injuries) (V01-X59,Y85-Y86)",Unintentional injuries,Utah,650,33.4
10195,2015,"Accidents (unintentional injuries) (V01-X59,Y85-Y86)",Unintentional injuries,Vermont,346,48.4
10196,2014,"Accidents (unintentional injuries) (V01-X59,Y85-Y86)",Unintentional injuries,Vermont,322,44.4
10197,2013,"Accidents (unintentional injuries) (V01-X59,Y85-Y86)",Unintentional injuries,Vermont,352,49.6
10198,2012,"Accidents (unintentional injuries) (V01-X59,Y85-Y86)",Unintentional injuries,Vermont,333,47.4
10199,2011,"Accidents (unintentional injuries) (V01-X59,Y85-Y86)",Unintentional injuries,Vermont,301,42.4
10200,2010,"Accidents (unintentional injuries) (V01-X59,Y85-Y86)",Unintentional injuries,Vermont,298,42.7
10201,2009,"Accidents (unintentional injuries) (V01-X59,Y85-Y86)",Unintentional injuries,Vermont,308,43.5
10202,2008,"Accidents (unintentional injuries) (V01-X59,Y85-Y86)",Unintentional injuries,Vermont,306,44.5
10203,2007,"Accidents (unintentional injuries) (V01-X59,Y85-Y86)",Unintentional injuries,Vermont,303,44.9
10204,2006,"Accidents (unintentional injuries) (V01-X59,Y85-Y86)",Unintentional injuries,Vermont,301,45.8
10205,2005,"Accidents (unintentional injuries) (V01-X59,Y85-Y86)",Unintentional injuries,Vermont,272,42.1
10206,2004,"Accidents (unintentional injuries) (V01-X59,Y85-Y86)",Unintentional injuries,Vermont,253,39.4
10207,2003,"Accidents (unintentional injuries) (V01-X59,Y85-Y86)",Unintentional injuries,Vermont,235,36.3
10208,2002,"Accidents (unintentional injuries) (V01-X59,Y85-Y86)",Unintentional injuries,Vermont,240,37.8
10209,2001,"Accidents (unintentional injuries) (V01-X59,Y85-Y86)",Unintentional injuries,Vermont,230,36.8
10210,2000,"Accidents (unintentional injuries) (V01-X59,Y85-Y86)",Unintentional injuries,Vermont,234,38.1
10211,1999,"Accidents (unintentional injuries) (V01-X59,Y85-Y86)",Unintentional injuries,Vermont,209,34.2
10212,2015,"Accidents (unintentional injuries) (V01-X59,Y85-Y86)",Unintentional injuries,Virginia,3429,39.6
10213,2014,"Accidents (unintentional injuries) (V01-X59,Y85-Y86)",Unintentional injuries,Virginia,3146,36.8
10214,2013,"Accidents (unintentional injuries) (V01-X59,Y85-Y86)",Unintentional injuries,Virginia,2951,34.9
10215,2012,"Accidents (unintentional injuries) (V01-X59,Y85-Y86)",Unintentional injuries,Virginia,2883,34.5
10216,2011,"Accidents (unintentional injuries) (V01-X59,Y85-Y86)",Unintentional injuries,Virginia,2809,34.4
10217,2010,"Accidents (unintentional injuries) (V01-X59,Y85-Y86)",Unintentional injuries,Virginia,2527,31.6
10218,2009,"Accidents (unintentional injuries) (V01-X59,Y85-Y86)",Unintentional injuries,Virginia,2622,33.3
10219,2008,"Accidents (unintentional injuries) (V01-X59,Y85-Y86)",Unintentional injuries,Virginia,2820,36.2
10220,2007,"Accidents (unintentional injuries) (V01-X59,Y85-Y86)",Unintentional injuries,Virginia,2931,38.3
10221,2006,"Accidents (unintentional injuries) (V01-X59,Y85-Y86)",Unintentional injuries,Virginia,2703,35.8
10222,2005,"Accidents (unintentional injuries) (V01-X59,Y85-Y86)",Unintentional injuries,Virginia,2638,35.6
10223,2004,"Accidents (unintentional injuries) (V01-X59,Y85-Y86)",Unintentional injuries,Virginia,2630,36.2
10224,2003,"Accidents (unintentional injuries) (V01-X59,Y85-Y86)",Unintentional injuries,Virginia,2644,37
10225,2002,"Accidents (unintentional injuries) (V01-X59,Y85-Y86)",Unintentional injuries,Virginia,2479,35.2
10226,2001,"Accidents (unintentional injuries) (V01-X59,Y85-Y86)",Unintentional injuries,Virginia,2432,35.2
10227,2000,"Accidents (unintentional injuries) (V01-X59,Y85-Y86)",Unintentional injuries,Virginia,2396,35.4
10228,1999,"Accidents (unintentional injuries) (V01-X59,Y85-Y86)",Unintentional injuries,Virginia,2214,33.2
10229,2015,"Accidents (unintentional injuries) (V01-X59,Y85-Y86)",Unintentional injuries,Washington,3192,41.9
10230,2014,"Accidents (unintentional injuries) (V01-X59,Y85-Y86)",Unintentional injuries,Washington,2997,40.1
10231,2013,"Accidents (unintentional injuries) (V01-X59,Y85-Y86)",Unintentional injuries,Washington,2826,38.7
10232,2012,"Accidents (unintentional injuries) (V01-X59,Y85-Y86)",Unintentional injuries,Washington,2760,38.3
10233,2011,"Accidents (unintentional injuries) (V01-X59,Y85-Y86)",Unintentional injuries,Washington,2709,38.1
10234,2010,"Accidents (unintentional injuries) (V01-X59,Y85-Y86)",Unintentional injuries,Washington,2609,37.6
10235,2009,"Accidents (unintentional injuries) (V01-X59,Y85-Y86)",Unintentional injuries,Washington,2696,39.4
10236,2008,"Accidents (unintentional injuries) (V01-X59,Y85-Y86)",Unintentional injuries,Washington,2727,40.8
10237,2007,"Accidents (unintentional injuries) (V01-X59,Y85-Y86)",Unintentional injuries,Washington,2637,40.2
10238,2006,"Accidents (unintentional injuries) (V01-X59,Y85-Y86)",Unintentional injuries,Washington,2679,41.5
10239,2005,"Accidents (unintentional injuries) (V01-X59,Y85-Y86)",Unintentional injuries,Washington,2543,40.4
10240,2004,"Accidents (unintentional injuries) (V01-X59,Y85-Y86)",Unintentional injuries,Washington,2341,37.9
10241,2003,"Accidents (unintentional injuries) (V01-X59,Y85-Y86)",Unintentional injuries,Washington,2239,36.9
10242,2002,"Accidents (unintentional injuries) (V01-X59,Y85-Y86)",Unintentional injuries,Washington,2203,36.8
10243,2001,"Accidents (unintentional injuries) (V01-X59,Y85-Y86)",Unintentional injuries,Washington,2072,35.2
10244,2000,"Accidents (unintentional injuries) (V01-X59,Y85-Y86)",Unintentional injuries,Washington,2049,35.5
10245,1999,"Accidents (unintentional injuries) (V01-X59,Y85-Y86)",Unintentional injuries,Washington,1914,33.3
10246,2015,"Accidents (unintentional injuries) (V01-X59,Y85-Y86)",Unintentional injuries,West Virginia,1516,77.9
10247,2014,"Accidents (unintentional injuries) (V01-X59,Y85-Y86)",Unintentional injuries,West Virginia,1380,71
10248,2013,"Accidents (unintentional injuries) (V01-X59,Y85-Y86)",Unintentional injuries,West Virginia,1395,71.7
10249,2012,"Accidents (unintentional injuries) (V01-X59,Y85-Y86)",Unintentional injuries,West Virginia,1371,70.8
10250,2011,"Accidents (unintentional injuries) (V01-X59,Y85-Y86)",Unintentional injuries,West Virginia,1432,74.8
10251,2010,"Accidents (unintentional injuries) (V01-X59,Y85-Y86)",Unintentional injuries,West Virginia,1234,63.7
10252,2009,"Accidents (unintentional injuries) (V01-X59,Y85-Y86)",Unintentional injuries,West Virginia,942,48.2
10253,2008,"Accidents (unintentional injuries) (V01-X59,Y85-Y86)",Unintentional injuries,West Virginia,1253,65.5
10254,2007,"Accidents (unintentional injuries) (V01-X59,Y85-Y86)",Unintentional injuries,West Virginia,1241,65.8
10255,2006,"Accidents (unintentional injuries) (V01-X59,Y85-Y86)",Unintentional injuries,West Virginia,1177,62.4
10256,2005,"Accidents (unintentional injuries) (V01-X59,Y85-Y86)",Unintentional injuries,West Virginia,940,49.6
10257,2004,"Accidents (unintentional injuries) (V01-X59,Y85-Y86)",Unintentional injuries,West Virginia,1110,59
10258,2003,"Accidents (unintentional injuries) (V01-X59,Y85-Y86)",Unintentional injuries,West Virginia,1004,53.7
10259,2002,"Accidents (unintentional injuries) (V01-X59,Y85-Y86)",Unintentional injuries,West Virginia,956,50.9
10260,2001,"Accidents (unintentional injuries) (V01-X59,Y85-Y86)",Unintentional injuries,West Virginia,834,44.7
10261,2000,"Accidents (unintentional injuries) (V01-X59,Y85-Y86)",Unintentional injuries,West Virginia,817,43.2
10262,1999,"Accidents (unintentional injuries) (V01-X59,Y85-Y86)",Unintentional injuries,West Virginia,798,42
10263,2015,"Accidents (unintentional injuries) (V01-X59,Y85-Y86)",Unintentional injuries,Wisconsin,3206,49.3
10264,2014,"Accidents (unintentional injuries) (V01-X59,Y85-Y86)",Unintentional injuries,Wisconsin,3015,46.9
10265,2013,"Accidents (unintentional injuries) (V01-X59,Y85-Y86)",Unintentional injuries,Wisconsin,2969,46.8
10266,2012,"Accidents (unintentional injuries) (V01-X59,Y85-Y86)",Unintentional injuries,Wisconsin,2825,44.7
10267,2011,"Accidents (unintentional injuries) (V01-X59,Y85-Y86)",Unintentional injuries,Wisconsin,2680,42.8
10268,2010,"Accidents (unintentional injuries) (V01-X59,Y85-Y86)",Unintentional injuries,Wisconsin,2525,40.8
10269,2009,"Accidents (unintentional injuries) (V01-X59,Y85-Y86)",Unintentional injuries,Wisconsin,2449,40
10270,2008,"Accidents (unintentional injuries) (V01-X59,Y85-Y86)",Unintentional injuries,Wisconsin,2484,40.8
10271,2007,"Accidents (unintentional injuries) (V01-X59,Y85-Y86)",Unintentional injuries,Wisconsin,2619,44
10272,2006,"Accidents (unintentional injuries) (V01-X59,Y85-Y86)",Unintentional injuries,Wisconsin,2524,42.7
10273,2005,"Accidents (unintentional injuries) (V01-X59,Y85-Y86)",Unintentional injuries,Wisconsin,2490,42.8
10274,2004,"Accidents (unintentional injuries) (V01-X59,Y85-Y86)",Unintentional injuries,Wisconsin,2303,39.7
10275,2003,"Accidents (unintentional injuries) (V01-X59,Y85-Y86)",Unintentional injuries,Wisconsin,2345,41
10276,2002,"Accidents (unintentional injuries) (V01-X59,Y85-Y86)",Unintentional injuries,Wisconsin,2274,40.1
10277,2001,"Accidents (unintentional injuries) (V01-X59,Y85-Y86)",Unintentional injuries,Wisconsin,2100,37.5
10278,2000,"Accidents (unintentional injuries) (V01-X59,Y85-Y86)",Unintentional injuries,Wisconsin,2159,38.9
10279,1999,"Accidents (unintentional injuries) (V01-X59,Y85-Y86)",Unintentional injuries,Wisconsin,1955,35.6
10280,2015,"Accidents (unintentional injuries) (V01-X59,Y85-Y86)",Unintentional injuries,Wyoming,400,65.8
10281,2014,"Accidents (unintentional injuries) (V01-X59,Y85-Y86)",Unintentional injuries,Wyoming,361,60.9
10282,2013,"Accidents (unintentional injuries) (V01-X59,Y85-Y86)",Unintentional injuries,Wyoming,325,55.2
10283,2012,"Accidents (unintentional injuries) (V01-X59,Y85-Y86)",Unintentional injuries,Wyoming,308,52.9
10284,2011,"Accidents (unintentional injuries) (V01-X59,Y85-Y86)",Unintentional injuries,Wyoming,317,56.2
10285,2010,"Accidents (unintentional injuries) (V01-X59,Y85-Y86)",Unintentional injuries,Wyoming,346,59.8
10286,2009,"Accidents (unintentional injuries) (V01-X59,Y85-Y86)",Unintentional injuries,Wyoming,299,53.7
10287,2008,"Accidents (unintentional injuries) (V01-X59,Y85-Y86)",Unintentional injuries,Wyoming,351,64.3
10288,2007,"Accidents (unintentional injuries) (V01-X59,Y85-Y86)",Unintentional injuries,Wyoming,299,56.5
10289,2006,"Accidents (unintentional injuries) (V01-X59,Y85-Y86)",Unintentional injuries,Wyoming,306,58.9
10290,2005,"Accidents (unintentional injuries) (V01-X59,Y85-Y86)",Unintentional injuries,Wyoming,302,58.7
10291,2004,"Accidents (unintentional injuries) (V01-X59,Y85-Y86)",Unintentional injuries,Wyoming,243,47.2
10292,2003,"Accidents (unintentional injuries) (V01-X59,Y85-Y86)",Unintentional injuries,Wyoming,273,55.1
10293,2002,"Accidents (unintentional injuries) (V01-X59,Y85-Y86)",Unintentional injuries,Wyoming,289,58.1
10294,2001,"Accidents (unintentional injuries) (V01-X59,Y85-Y86)",Unintentional injuries,Wyoming,272,55.5
10295,2000,"Accidents (unintentional injuries) (V01-X59,Y85-Y86)",Unintentional injuries,Wyoming,245,50.8
10296,1999,"Accidents (unintentional injuries) (V01-X59,Y85-Y86)",Unintentional injuries,Wyoming,258,52.8
